0:00:00.022827920   505   0x55bbcd8b90 DEBUG             GST_TRACER gsttracer.c:159:gst_tracer_register:<registry0> update existing feature 0x55bbc9ffe0 (latency)
0:00:00.022904198   505   0x55bbcd8b90 DEBUG             GST_TRACER gsttracer.c:159:gst_tracer_register:<registry0> update existing feature 0x55bbc9fe70 (log)
0:00:00.022928884   505   0x55bbcd8b90 DEBUG             GST_TRACER gsttracer.c:159:gst_tracer_register:<registry0> update existing feature 0x55bbc9fd10 (rusage)
0:00:00.022977496   505   0x55bbcd8b90 DEBUG             GST_TRACER gsttracer.c:159:gst_tracer_register:<registry0> update existing feature 0x55bbc9fbc0 (stats)
0:00:00.023002052   505   0x55bbcd8b90 DEBUG             GST_TRACER gsttracer.c:159:gst_tracer_register:<registry0> update existing feature 0x55bbc9fa50 (leaks)
0:00:00.023024459   505   0x55bbcd8b90 DEBUG             GST_TRACER gsttracer.c:159:gst_tracer_register:<registry0> update existing feature 0x55bbc9f930 (factories)
0:00:00.023211314   505   0x55bbcd8b90 TRACE             GST_TRACER gsttracerrecord.c:109:gst_tracer_record_build_format: latency.class, src-element-id=(structure)"scope\,\ type\=\(type\)gchararray\,\ related-to\=\(GstTracerValueScope\)element\;", src-element=(structure)"scope\,\ type\=\(type\)gchararray\,\ related-to\=\(GstTracerValueScope\)element\;", src=(structure)"scope\,\ type\=\(type\)gchararray\,\ related-to\=\(GstTracerValueScope\)pad\;", sink-element-id=(structure)"scope\,\ type\=\(type\)gchararray\,\ related-to\=\(GstTracerValueScope\)element\;", sink-element=(structure)"scope\,\ type\=\(type\)gchararray\,\ related-to\=\(GstTracerValueScope\)element\;", sink=(structure)"scope\,\ type\=\(type\)gchararray\,\ related-to\=\(GstTracerValueScope\)pad\;", time=(structure)"value\,\ type\=\(type\)guint64\,\ description\=\(string\)\"time\\\ it\\\ took\\\ for\\\ the\\\ buffer\\\ to\\\ go\\\ from\\\ src\\\ to\\\ sink\\\ ns\"\,\ min\=\(guint64\)0\,\ max\=\(guint64\)18446744073709551615\;", ts=(structure)"value\,\ type\=\(type\)guint64\,\ description\=\(string\)\"ts\\\ when\\\ the\\\ latency\\\ has\\\ been\\\ logged\"\,\ min\=\(guint64\)0\,\ max\=\(guint64\)18446744073709551615\;";
0:00:00.023254277   505   0x55bbcd8b90 DEBUG             GST_TRACER gsttracerrecord.c:123:gst_tracer_record_build_format: new format string: latency, src-element-id=(string)%s, src-element=(string)%s, src=(string)%s, sink-element-id=(string)%s, sink-element=(string)%s, sink=(string)%s, time=(guint64)%lu, ts=(guint64)%lu;
0:00:00.023326686   505   0x55bbcd8b90 TRACE             GST_TRACER gsttracerrecord.c:109:gst_tracer_record_build_format: element-latency.class, element-id=(structure)"scope\,\ type\=\(type\)gchararray\,\ related-to\=\(GstTracerValueScope\)element\;", element=(structure)"scope\,\ type\=\(type\)gchararray\,\ related-to\=\(GstTracerValueScope\)element\;", src=(structure)"scope\,\ type\=\(type\)gchararray\,\ related-to\=\(GstTracerValueScope\)pad\;", time=(structure)"value\,\ type\=\(type\)guint64\,\ description\=\(string\)\"time\\\ it\\\ took\\\ for\\\ the\\\ buffer\\\ to\\\ go\\\ from\\\ src\\\ to\\\ sink\\\ ns\"\,\ min\=\(guint64\)0\,\ max\=\(guint64\)18446744073709551615\;", ts=(structure)"value\,\ type\=\(type\)guint64\,\ description\=\(string\)\"ts\\\ when\\\ the\\\ latency\\\ has\\\ been\\\ logged\"\,\ min\=\(guint64\)0\,\ max\=\(guint64\)18446744073709551615\;";
0:00:00.023354853   505   0x55bbcd8b90 DEBUG             GST_TRACER gsttracerrecord.c:123:gst_tracer_record_build_format: new format string: element-latency, element-id=(string)%s, element=(string)%s, src=(string)%s, time=(guint64)%lu, ts=(guint64)%lu;
0:00:00.023435335   505   0x55bbcd8b90 TRACE             GST_TRACER gsttracerrecord.c:109:gst_tracer_record_build_format: element-reported-latency.class, element-id=(structure)"scope\,\ type\=\(type\)gchararray\,\ related-to\=\(GstTracerValueScope\)element\;", element=(structure)"scope\,\ type\=\(type\)gchararray\,\ related-to\=\(GstTracerValueScope\)element\;", live=(structure)"value\,\ type\=\(type\)gboolean\,\ description\=\(string\)\"wether\\\ the\\\ it\\\ is\\\ a\\\ live\\\ stream\\\ or\\\ not\"\;", min=(structure)"value\,\ type\=\(type\)guint64\,\ description\=\(string\)\"the\\\ minimum\\\ reported\\\ latency\"\,\ min\=\(guint64\)0\,\ max\=\(guint64\)18446744073709551615\;", max=(structure)"value\,\ type\=\(type\)guint64\,\ description\=\(string\)\"the\\\ maximum\\\ reported\\\ latency\"\,\ min\=\(guint64\)0\,\ max\=\(guint64\)18446744073709551615\;", ts=(structure)"value\,\ type\=\(type\)guint64\,\ description\=\(string\)\"ts\\\ when\\\ the\\\ latency\\\ has\\\ been\\\ reported\"\,\ min\=\(guint64\)0\,\ max\=\(guint64\)18446744073709551615\;";
0:00:00.023477910   505   0x55bbcd8b90 DEBUG             GST_TRACER gsttracerrecord.c:123:gst_tracer_record_build_format: new format string: element-reported-latency, element-id=(string)%s, element=(string)%s, live=(boolean)%i, min=(guint64)%lu, max=(guint64)%lu, ts=(guint64)%lu;
Modo de ejecucion: rpi
Interfaz grafica: deshabilitada
Destino RTP/UDP: 127.0.0.1:5000
Directorio de datos: /var/lib/control-acceso
GPIO de apertura preparado: BCM17 / sysfs 529, estado LOW.
[0:09:05.978837493] [505] [1;32m INFO [1;37mCamera [1;34mcamera_manager.cpp:327 [0mlibcamera v0.4.0+dirty (2026-10-08T20:26:37UTC)
[0:09:06.017294920] [508] [1;33m WARN [1;37mRPiSdn [1;34msdn.cpp:40 [0mUsing legacy SDN tuning - please consider moving SDN inside rpi.denoise
[0:09:06.019508950] [508] [1;32m INFO [1;37mRPI [1;34mvc4.cpp:401 [0mRegistered camera /base/soc/i2c0mux/i2c@1/ov5647@36 to Unicam device /dev/media0 and ISP device /dev/media2
[0:09:06.032840779] [515] [1;32m INFO [1;37mCamera [1;34mcamera.cpp:1202 [0mconfiguring streams: (0) 1280x720-NV21
[0:09:06.035745374] [508] [1;32m INFO [1;37mRPI [1;34mvc4.cpp:570 [0mSensor: /base/soc/i2c0mux/i2c@1/ov5647@36 - Selected sensor format: 1920x1080-SGBRG10_1X10 - Selected unicam format: 1920x1080-pGAA
0:00:00.585193916   505   0x7f90001010 TRACE             GST_TRACER :0:: latency, src-element-id=(string)0x55bbd19080, src-element=(string)libcamerasrc0, src=(string)src, sink-element-id=(string)0x55bbd35510, sink-element=(string)fakesink0, sink=(string)sink, time=(guint64)1229387, ts=(guint64)585133230;
0:00:00.620073814   505   0x7f90000b70 TRACE             GST_TRACER :0:: latency, src-element-id=(string)0x55bbd19080, src-element=(string)libcamerasrc0, src=(string)src, sink-element-id=(string)0x55bbd3bd60, sink-element=(string)sink, sink=(string)sink, time=(guint64)36112248, ts=(guint64)620016091;
0:00:00.633271141   505   0x7f90000dc0 TRACE             GST_TRACER :0:: latency, src-element-id=(string)0x55bbd19080, src-element=(string)libcamerasrc0, src=(string)src, sink-element-id=(string)0x55bbd6bc80, sink-element=(string)udpsink0, sink=(string)sink, time=(guint64)49317038, ts=(guint64)633220881;
0:00:00.634552213   505   0x7f90001010 TRACE             GST_TRACER :0:: latency, src-element-id=(string)0x55bbd19080, src-element=(string)libcamerasrc0, src=(string)src, sink-element-id=(string)0x55bbd35510, sink-element=(string)fakesink0, sink=(string)sink, time=(guint64)13330458, ts=(guint64)634482546;

Pipeline iniciado.
Muestra un codigo QR frente a la camara.
Cada evento QR genera una evidencia de 60 segundos.
Timeout de decision: 10.0 segundos.
Watchdog de camara: 3.0 s sin frames.
Carpeta de evidencias: /var/lib/control-acceso/evidencias
Presiona Ctrl+C para detenerlo.

0:00:00.661475022   505   0x7f90001010 TRACE             GST_TRACER :0:: latency, src-element-id=(string)0x55bbd19080, src-element=(string)libcamerasrc0, src=(string)src, sink-element-id=(string)0x55bbd35510, sink-element=(string)fakesink0, sink=(string)sink, time=(guint64)257762, ts=(guint64)661434947;
0:00:00.673385405   505   0x7f90000b70 TRACE             GST_TRACER :0:: latency, src-element-id=(string)0x55bbd19080, src-element=(string)libcamerasrc0, src=(string)src, sink-element-id=(string)0x55bbd3bd60, sink-element=(string)sink, sink=(string)sink, time=(guint64)52171724, ts=(guint64)673323812;
0:00:00.681109473   505   0x7f90001010 TRACE             GST_TRACER :0:: latency, src-element-id=(string)0x55bbd19080, src-element=(string)libcamerasrc0, src=(string)src, sink-element-id=(string)0x55bbd35510, sink-element=(string)fakesink0, sink=(string)sink, time=(guint64)331375, ts=(guint64)681020324;
0:00:00.689206601   505   0x7f90000dc0 TRACE             GST_TRACER :0:: latency, src-element-id=(string)0x55bbd19080, src-element=(string)libcamerasrc0, src=(string)src, sink-element-id=(string)0x55bbd6bc80, sink-element=(string)udpsink0, sink=(string)sink, time=(guint64)68004734, ts=(guint64)689156822;
0:00:00.711296844   505   0x7f90000b70 TRACE             GST_TRACER :0:: latency, src-element-id=(string)0x55bbd19080, src-element=(string)libcamerasrc0, src=(string)src, sink-element-id=(string)0x55bbd3bd60, sink-element=(string)sink, sink=(string)sink, time=(guint64)50063899, ts=(guint64)711241084;
0:00:00.719948924   505   0x7f90001010 TRACE             GST_TRACER :0:: latency, src-element-id=(string)0x55bbd19080, src-element=(string)libcamerasrc0, src=(string)src, sink-element-id=(string)0x55bbd35510, sink-element=(string)fakesink0, sink=(string)sink, time=(guint64)304930, ts=(guint64)719908424;
0:00:00.732561076   505   0x7f90000dc0 TRACE             GST_TRACER :0:: latency, src-element-id=(string)0x55bbd19080, src-element=(string)libcamerasrc0, src=(string)src, sink-element-id=(string)0x55bbd6bc80, sink-element=(string)udpsink0, sink=(string)sink, time=(guint64)71315076, ts=(guint64)732492261;
0:00:00.744385736   505   0x7f90000b70 TRACE             GST_TRACER :0:: latency, src-element-id=(string)0x55bbd19080, src-element=(string)libcamerasrc0, src=(string)src, sink-element-id=(string)0x55bbd3bd60, sink-element=(string)sink, sink=(string)sink, time=(guint64)63644416, ts=(guint64)744333365;
0:00:00.749200431   505   0x7f90001010 TRACE             GST_TRACER :0:: latency, src-element-id=(string)0x55bbd19080, src-element=(string)libcamerasrc0, src=(string)src, sink-element-id=(string)0x55bbd35510, sink-element=(string)fakesink0, sink=(string)sink, time=(guint64)317097, ts=(guint64)749142449;
0:00:00.780392668   505   0x7f90001010 TRACE             GST_TRACER :0:: latency, src-element-id=(string)0x55bbd19080, src-element=(string)libcamerasrc0, src=(string)src, sink-element-id=(string)0x55bbd35510, sink-element=(string)fakesink0, sink=(string)sink, time=(guint64)297189, ts=(guint64)780341019;
0:00:00.783553192   505   0x7f90000b70 TRACE             GST_TRACER :0:: latency, src-element-id=(string)0x55bbd19080, src-element=(string)libcamerasrc0, src=(string)src, sink-element-id=(string)0x55bbd3bd60, sink-element=(string)sink, sink=(string)sink, time=(guint64)63879567, ts=(guint64)783483061;
0:00:00.783993957   505   0x7f90000dc0 TRACE             GST_TRACER :0:: latency, src-element-id=(string)0x55bbd19080, src-element=(string)libcamerasrc0, src=(string)src, sink-element-id=(string)0x55bbd6bc80, sink-element=(string)udpsink0, sink=(string)sink, time=(guint64)103252248, ts=(guint64)783941197;
0:00:00.816044206   505   0x7f90000b70 TRACE             GST_TRACER :0:: latency, src-element-id=(string)0x55bbd19080, src-element=(string)libcamerasrc0, src=(string)src, sink-element-id=(string)0x55bbd3bd60, sink-element=(string)sink, sink=(string)sink, time=(guint64)67160334, ts=(guint64)815985686;
0:00:00.818463238   505   0x7f90001010 TRACE             GST_TRACER :0:: latency, src-element-id=(string)0x55bbd19080, src-element=(string)libcamerasrc0, src=(string)src, sink-element-id=(string)0x55bbd35510, sink-element=(string)fakesink0, sink=(string)sink, time=(guint64)289800, ts=(guint64)818422960;
0:00:00.835607489   505   0x7f90000dc0 TRACE             GST_TRACER :0:: latency, src-element-id=(string)0x55bbd19080, src-element=(string)libcamerasrc0, src=(string)src, sink-element-id=(string)0x55bbd6bc80, sink-element=(string)udpsink0, sink=(string)sink, time=(guint64)115919512, ts=(guint64)835523006;
0:00:00.850813380   505   0x7f90001010 TRACE             GST_TRACER :0:: latency, src-element-id=(string)0x55bbd19080, src-element=(string)libcamerasrc0, src=(string)src, sink-element-id=(string)0x55bbd35510, sink-element=(string)fakesink0, sink=(string)sink, time=(guint64)332467, ts=(guint64)850773675;
0:00:00.852641812   505   0x7f90000b70 TRACE             GST_TRACER :0:: latency, src-element-id=(string)0x55bbd19080, src-element=(string)libcamerasrc0, src=(string)src, sink-element-id=(string)0x55bbd3bd60, sink-element=(string)sink, sink=(string)sink, time=(guint64)72548926, ts=(guint64)852592756;
0:00:00.884818006   505   0x7f90001010 TRACE             GST_TRACER :0:: latency, src-element-id=(string)0x55bbd19080, src-element=(string)libcamerasrc0, src=(string)src, sink-element-id=(string)0x55bbd35510, sink-element=(string)fakesink0, sink=(string)sink, time=(guint64)321634, ts=(guint64)884777098;
0:00:00.887918659   505   0x7f90000dc0 TRACE             GST_TRACER :0:: latency, src-element-id=(string)0x55bbd19080, src-element=(string)libcamerasrc0, src=(string)src, sink-element-id=(string)0x55bbd6bc80, sink-element=(string)udpsink0, sink=(string)sink, time=(guint64)139037936, ts=(guint64)887863288;
0:00:00.890673974   505   0x7f90000b70 TRACE             GST_TRACER :0:: latency, src-element-id=(string)0x55bbd19080, src-element=(string)libcamerasrc0, src=(string)src, sink-element-id=(string)0x55bbd3bd60, sink-element=(string)sink, sink=(string)sink, time=(guint64)72477240, ts=(guint64)890610400;
0:00:00.916033167   505   0x7f90000b70 TRACE             GST_TRACER :0:: latency, src-element-id=(string)0x55bbd19080, src-element=(string)libcamerasrc0, src=(string)src, sink-element-id=(string)0x55bbd3bd60, sink-element=(string)sink, sink=(string)sink, time=(guint64)65529291, ts=(guint64)915970499;
0:00:00.927622581   505   0x7f90001010 TRACE             GST_TRACER :0:: latency, src-element-id=(string)0x55bbd19080, src-element=(string)libcamerasrc0, src=(string)src, sink-element-id=(string)0x55bbd35510, sink-element=(string)fakesink0, sink=(string)sink, time=(guint64)243059, ts=(guint64)927577284;
0:00:00.947943426   505   0x7f90000dc0 TRACE             GST_TRACER :0:: latency, src-element-id=(string)0x55bbd19080, src-element=(string)libcamerasrc0, src=(string)src, sink-element-id=(string)0x55bbd6bc80, sink-element=(string)udpsink0, sink=(string)sink, time=(guint64)167827854, ts=(guint64)947871684;
0:00:00.948881531   505   0x7f90000b70 TRACE             GST_TRACER :0:: latency, src-element-id=(string)0x55bbd19080, src-element=(string)libcamerasrc0, src=(string)src, sink-element-id=(string)0x55bbd3bd60, sink-element=(string)sink, sink=(string)sink, time=(guint64)64377326, ts=(guint64)948832790;
0:00:00.969616141   505   0x7f90000b70 TRACE             GST_TRACER :0:: latency, src-element-id=(string)0x55bbd19080, src-element=(string)libcamerasrc0, src=(string)src, sink-element-id=(string)0x55bbd3bd60, sink-element=(string)sink, sink=(string)sink, time=(guint64)42232027, ts=(guint64)969566252;
0:00:00.974662042   505   0x7f90001010 TRACE             GST_TRACER :0:: latency, src-element-id=(string)0x55bbd19080, src-element=(string)libcamerasrc0, src=(string)src, sink-element-id=(string)0x55bbd35510, sink-element=(string)fakesink0, sink=(string)sink, time=(guint64)292874, ts=(guint64)974594504;
0:00:01.010005773   505   0x7f90000b70 TRACE             GST_TRACER :0:: latency, src-element-id=(string)0x55bbd19080, src-element=(string)libcamerasrc0, src=(string)src, sink-element-id=(string)0x55bbd3bd60, sink-element=(string)sink, sink=(string)sink, time=(guint64)35641605, ts=(guint64)1009943235;
0:00:01.015856907   505   0x7f90000dc0 TRACE             GST_TRACER :0:: latency, src-element-id=(string)0x55bbd19080, src-element=(string)libcamerasrc0, src=(string)src, sink-element-id=(string)0x55bbd6bc80, sink-element=(string)udpsink0, sink=(string)sink, time=(guint64)197679043, ts=(guint64)1015812203;
0:00:01.038912900   505   0x7f90001010 TRACE             GST_TRACER :0:: latency, src-element-id=(string)0x55bbd19080, src-element=(string)libcamerasrc0, src=(string)src, sink-element-id=(string)0x55bbd35510, sink-element=(string)fakesink0, sink=(string)sink, time=(guint64)400783, ts=(guint64)1038843640;
0:00:01.080552567   505   0x7f90000b70 TRACE             GST_TRACER :0:: latency, src-element-id=(string)0x55bbd19080, src-element=(string)libcamerasrc0, src=(string)src, sink-element-id=(string)0x55bbd3bd60, sink-element=(string)sink, sink=(string)sink, time=(guint64)42062895, ts=(guint64)1080505752;
0:00:01.085122202   505   0x7f90000dc0 TRACE             GST_TRACER :0:: latency, src-element-id=(string)0x55bbd19080, src-element=(string)libcamerasrc0, src=(string)src, sink-element-id=(string)0x55bbd6bc80, sink-element=(string)udpsink0, sink=(string)sink, time=(guint64)234552844, ts=(guint64)1084994052;
0:00:01.114201165   505   0x7f90001010 TRACE             GST_TRACER :0:: latency, src-element-id=(string)0x55bbd19080, src-element=(string)libcamerasrc0, src=(string)src, sink-element-id=(string)0x55bbd35510, sink-element=(string)fakesink0, sink=(string)sink, time=(guint64)358005, ts=(guint64)1114168109;
0:00:01.146163443   505   0x7f90000dc0 TRACE             GST_TRACER :0:: latency, src-element-id=(string)0x55bbd19080, src-element=(string)libcamerasrc0, src=(string)src, sink-element-id=(string)0x55bbd6bc80, sink-element=(string)udpsink0, sink=(string)sink, time=(guint64)261653404, ts=(guint64)1146108868;
0:00:01.149159465   505   0x7f90000b70 TRACE             GST_TRACER :0:: latency, src-element-id=(string)0x55bbd19080, src-element=(string)libcamerasrc0, src=(string)src, sink-element-id=(string)0x55bbd3bd60, sink-element=(string)sink, sink=(string)sink, time=(guint64)35290860, ts=(guint64)1149100964;
0:00:01.177285933   505   0x7f90001010 TRACE             GST_TRACER :0:: latency, src-element-id=(string)0x55bbd19080, src-element=(string)libcamerasrc0, src=(string)src, sink-element-id=(string)0x55bbd35510, sink-element=(string)fakesink0, sink=(string)sink, time=(guint64)363542, ts=(guint64)1177216654;
0:00:01.193960841   505   0x7f90000dc0 TRACE             GST_TRACER :0:: latency, src-element-id=(string)0x55bbd19080, src-element=(string)libcamerasrc0, src=(string)src, sink-element-id=(string)0x55bbd6bc80, sink-element=(string)udpsink0, sink=(string)sink, time=(guint64)266575170, ts=(guint64)1193909395;
0:00:01.198869628   505   0x7f90000b70 TRACE             GST_TRACER :0:: latency, src-element-id=(string)0x55bbd19080, src-element=(string)libcamerasrc0, src=(string)src, sink-element-id=(string)0x55bbd3bd60, sink-element=(string)sink, sink=(string)sink, time=(guint64)21950238, ts=(guint64)1198803350;
0:00:01.225245925   505   0x7f90001010 TRACE             GST_TRACER :0:: latency, src-element-id=(string)0x55bbd19080, src-element=(string)libcamerasrc0, src=(string)src, sink-element-id=(string)0x55bbd35510, sink-element=(string)fakesink0, sink=(string)sink, time=(guint64)4023238, ts=(guint64)1225186646;
0:00:01.245777292   505   0x7f90000dc0 TRACE             GST_TRACER :0:: latency, src-element-id=(string)0x55bbd19080, src-element=(string)libcamerasrc0, src=(string)src, sink-element-id=(string)0x55bbd6bc80, sink-element=(string)udpsink0, sink=(string)sink, time=(guint64)271413105, ts=(guint64)1245714735;
0:00:01.247767503   505   0x7f90000b70 TRACE             GST_TRACER :0:: latency, src-element-id=(string)0x55bbd19080, src-element=(string)libcamerasrc0, src=(string)src, sink-element-id=(string)0x55bbd3bd60, sink-element=(string)sink, sink=(string)sink, time=(guint64)26534650, ts=(guint64)1247698058;
0:00:01.263563492   505   0x7f90001010 TRACE             GST_TRACER :0:: latency, src-element-id=(string)0x55bbd19080, src-element=(string)libcamerasrc0, src=(string)src, sink-element-id=(string)0x55bbd35510, sink-element=(string)fakesink0, sink=(string)sink, time=(guint64)317263, ts=(guint64)1263519584;
0:00:01.299760012   505   0x7f90000b70 TRACE             GST_TRACER :0:: latency, src-element-id=(string)0x55bbd19080, src-element=(string)libcamerasrc0, src=(string)src, sink-element-id=(string)0x55bbd3bd60, sink-element=(string)sink, sink=(string)sink, time=(guint64)36505894, ts=(guint64)1299708215;
0:00:01.301996061   505   0x7f90000dc0 TRACE             GST_TRACER :0:: latency, src-element-id=(string)0x55bbd19080, src-element=(string)libcamerasrc0, src=(string)src, sink-element-id=(string)0x55bbd6bc80, sink-element=(string)udpsink0, sink=(string)sink, time=(guint64)263487499, ts=(guint64)1301930356;
0:00:01.333541501   505   0x7f90001010 TRACE             GST_TRACER :0:: latency, src-element-id=(string)0x55bbd19080, src-element=(string)libcamerasrc0, src=(string)src, sink-element-id=(string)0x55bbd35510, sink-element=(string)fakesink0, sink=(string)sink, time=(guint64)336319, ts=(guint64)1333500389;
0:00:01.349918830   505   0x7f90000dc0 TRACE             GST_TRACER :0:: latency, src-element-id=(string)0x55bbd19080, src-element=(string)libcamerasrc0, src=(string)src, sink-element-id=(string)0x55bbd6bc80, sink-element=(string)udpsink0, sink=(string)sink, time=(guint64)236057726, ts=(guint64)1349867830;
0:00:01.353831660   505   0x7f90000b70 TRACE             GST_TRACER :0:: latency, src-element-id=(string)0x55bbd19080, src-element=(string)libcamerasrc0, src=(string)src, sink-element-id=(string)0x55bbd3bd60, sink-element=(string)sink, sink=(string)sink, time=(guint64)20600867, ts=(guint64)1353764937;
0:00:01.377465735   505   0x7f90001010 TRACE             GST_TRACER :0:: latency, src-element-id=(string)0x55bbd19080, src-element=(string)libcamerasrc0, src=(string)src, sink-element-id=(string)0x55bbd35510, sink-element=(string)fakesink0, sink=(string)sink, time=(guint64)295541, ts=(guint64)1377435457;
0:00:01.409717129   505   0x7f90000dc0 TRACE             GST_TRACER :0:: latency, src-element-id=(string)0x55bbd19080, src-element=(string)libcamerasrc0, src=(string)src, sink-element-id=(string)0x55bbd6bc80, sink-element=(string)udpsink0, sink=(string)sink, time=(guint64)232777830, ts=(guint64)1409630942;
0:00:01.421769623   505   0x7f90000b70 TRACE             GST_TRACER :0:: latency, src-element-id=(string)0x55bbd19080, src-element=(string)libcamerasrc0, src=(string)src, sink-element-id=(string)0x55bbd3bd60, sink-element=(string)sink, sink=(string)sink, time=(guint64)44583855, ts=(guint64)1421723771;
0:00:01.436909992   505   0x7f90001010 TRACE             GST_TRACER :0:: latency, src-element-id=(string)0x55bbd19080, src-element=(string)libcamerasrc0, src=(string)src, sink-element-id=(string)0x55bbd35510, sink-element=(string)fakesink0, sink=(string)sink, time=(guint64)2904390, ts=(guint64)1436865602;
0:00:01.484339884   505   0x7f90000dc0 TRACE             GST_TRACER :0:: latency, src-element-id=(string)0x55bbd19080, src-element=(string)libcamerasrc0, src=(string)src, sink-element-id=(string)0x55bbd6bc80, sink-element=(string)udpsink0, sink=(string)sink, time=(guint64)263127031, ts=(guint64)1484290439;
0:00:01.485098654   505   0x7f90000b70 TRACE             GST_TRACER :0:: latency, src-element-id=(string)0x55bbd19080, src-element=(string)libcamerasrc0, src=(string)src, sink-element-id=(string)0x55bbd3bd60, sink-element=(string)sink, sink=(string)sink, time=(guint64)51043366, ts=(guint64)1485004578;
0:00:01.517372437   505   0x7f90001010 TRACE             GST_TRACER :0:: latency, src-element-id=(string)0x55bbd19080, src-element=(string)libcamerasrc0, src=(string)src, sink-element-id=(string)0x55bbd35510, sink-element=(string)fakesink0, sink=(string)sink, time=(guint64)10240322, ts=(guint64)1517330510;
0:00:01.547584821   505   0x7f90000dc0 TRACE             GST_TRACER :0:: latency, src-element-id=(string)0x55bbd19080, src-element=(string)libcamerasrc0, src=(string)src, sink-element-id=(string)0x55bbd6bc80, sink-element=(string)udpsink0, sink=(string)sink, time=(guint64)284307333, ts=(guint64)1547509654;
0:00:01.550672381   505   0x7f90000b70 TRACE             GST_TRACER :0:: latency, src-element-id=(string)0x55bbd19080, src-element=(string)libcamerasrc0, src=(string)src, sink-element-id=(string)0x55bbd3bd60, sink-element=(string)sink, sink=(string)sink, time=(guint64)43519859, ts=(guint64)1550610047;
0:00:01.577613056   505   0x7f90001010 TRACE             GST_TRACER :0:: latency, src-element-id=(string)0x55bbd19080, src-element=(string)libcamerasrc0, src=(string)src, sink-element-id=(string)0x55bbd35510, sink-element=(string)fakesink0, sink=(string)sink, time=(guint64)370246, ts=(guint64)1577569000;
0:00:01.591020457   505   0x7f90000dc0 TRACE             GST_TRACER :0:: latency, src-element-id=(string)0x55bbd19080, src-element=(string)libcamerasrc0, src=(string)src, sink-element-id=(string)0x55bbd6bc80, sink-element=(string)udpsink0, sink=(string)sink, time=(guint64)257793905, ts=(guint64)1590957975;
0:00:01.600367971   505   0x7f90000b70 TRACE             GST_TRACER :0:: latency, src-element-id=(string)0x55bbd19080, src-element=(string)libcamerasrc0, src=(string)src, sink-element-id=(string)0x55bbd3bd60, sink-element=(string)sink, sink=(string)sink, time=(guint64)23122327, ts=(guint64)1600321081;
0:00:01.617546570   505   0x7f90001010 TRACE             GST_TRACER :0:: latency, src-element-id=(string)0x55bbd19080, src-element=(string)libcamerasrc0, src=(string)src, sink-element-id=(string)0x55bbd35510, sink-element=(string)fakesink0, sink=(string)sink, time=(guint64)331968, ts=(guint64)1617506311;
0:00:01.638244680   505   0x7f90000dc0 TRACE             GST_TRACER :0:: latency, src-element-id=(string)0x55bbd19080, src-element=(string)libcamerasrc0, src=(string)src, sink-element-id=(string)0x55bbd6bc80, sink-element=(string)udpsink0, sink=(string)sink, time=(guint64)261046282, ts=(guint64)1638186198;
0:00:01.640734769   505   0x7f90000b70 TRACE             GST_TRACER :0:: latency, src-element-id=(string)0x55bbd19080, src-element=(string)libcamerasrc0, src=(string)src, sink-element-id=(string)0x55bbd3bd60, sink-element=(string)sink, sink=(string)sink, time=(guint64)23459684, ts=(guint64)1640634027;
0:00:01.661554936   505   0x7f90001010 TRACE             GST_TRACER :0:: latency, src-element-id=(string)0x55bbd19080, src-element=(string)libcamerasrc0, src=(string)src, sink-element-id=(string)0x55bbd35510, sink-element=(string)fakesink0, sink=(string)sink, time=(guint64)335152, ts=(guint64)1661511898;
0:00:01.687237853   505   0x7f90000b70 TRACE             GST_TRACER :0:: latency, src-element-id=(string)0x55bbd19080, src-element=(string)libcamerasrc0, src=(string)src, sink-element-id=(string)0x55bbd3bd60, sink-element=(string)sink, sink=(string)sink, time=(guint64)25995884, ts=(guint64)1687172630;
0:00:01.687339261   505   0x7f90000dc0 TRACE             GST_TRACER :0:: latency, src-element-id=(string)0x55bbd19080, src-element=(string)libcamerasrc0, src=(string)src, sink-element-id=(string)0x55bbd6bc80, sink-element=(string)udpsink0, sink=(string)sink, time=(guint64)253344382, ts=(guint64)1687305594;
0:00:01.709810728   505   0x7f90001010 TRACE             GST_TRACER :0:: latency, src-element-id=(string)0x55bbd19080, src-element=(string)libcamerasrc0, src=(string)src, sink-element-id=(string)0x55bbd35510, sink-element=(string)fakesink0, sink=(string)sink, time=(guint64)315690, ts=(guint64)1709774543;
0:00:01.735358310   505   0x7f90000dc0 TRACE             GST_TRACER :0:: latency, src-element-id=(string)0x55bbd19080, src-element=(string)libcamerasrc0, src=(string)src, sink-element-id=(string)0x55bbd6bc80, sink-element=(string)udpsink0, sink=(string)sink, time=(guint64)228198954, ts=(guint64)1735289142;
0:00:01.737963030   505   0x7f90000b70 TRACE             GST_TRACER :0:: latency, src-element-id=(string)0x55bbd19080, src-element=(string)libcamerasrc0, src=(string)src, sink-element-id=(string)0x55bbd3bd60, sink-element=(string)sink, sink=(string)sink, time=(guint64)28440824, ts=(guint64)1737899677;
0:00:01.765473508   505   0x7f90001010 TRACE             GST_TRACER :0:: latency, src-element-id=(string)0x55bbd19080, src-element=(string)libcamerasrc0, src=(string)src, sink-element-id=(string)0x55bbd35510, sink-element=(string)fakesink0, sink=(string)sink, time=(guint64)277060, ts=(guint64)1765437212;
0:00:01.784071923   505   0x7f90000dc0 TRACE             GST_TRACER :0:: latency, src-element-id=(string)0x55bbd19080, src-element=(string)libcamerasrc0, src=(string)src, sink-element-id=(string)0x55bbd6bc80, sink-element=(string)udpsink0, sink=(string)sink, time=(guint64)206802317, ts=(guint64)1784001071;
0:00:01.787468987   505   0x7f90000b70 TRACE             GST_TRACER :0:: latency, src-element-id=(string)0x55bbd19080, src-element=(string)libcamerasrc0, src=(string)src, sink-element-id=(string)0x55bbd3bd60, sink-element=(string)sink, sink=(string)sink, time=(guint64)22229556, ts=(guint64)1787389708;
0:00:01.815089078   505   0x7f90001010 TRACE             GST_TRACER :0:: latency, src-element-id=(string)0x55bbd19080, src-element=(string)libcamerasrc0, src=(string)src, sink-element-id=(string)0x55bbd35510, sink-element=(string)fakesink0, sink=(string)sink, time=(guint64)215836, ts=(guint64)1815047022;
0:00:01.842315794   505   0x7f90000b70 TRACE             GST_TRACER :0:: latency, src-element-id=(string)0x55bbd19080, src-element=(string)libcamerasrc0, src=(string)src, sink-element-id=(string)0x55bbd3bd60, sink-element=(string)sink, sink=(string)sink, time=(guint64)27456811, ts=(guint64)1842287997;
0:00:01.842315590   505   0x7f90000dc0 TRACE             GST_TRACER :0:: latency, src-element-id=(string)0x55bbd19080, src-element=(string)libcamerasrc0, src=(string)src, sink-element-id=(string)0x55bbd6bc80, sink-element=(string)udpsink0, sink=(string)sink, time=(guint64)225096524, ts=(guint64)1842270867;
0:00:01.868535144   505   0x7f90001010 TRACE             GST_TRACER :0:: latency, src-element-id=(string)0x55bbd19080, src-element=(string)libcamerasrc0, src=(string)src, sink-element-id=(string)0x55bbd35510, sink-element=(string)fakesink0, sink=(string)sink, time=(guint64)453172, ts=(guint64)1868500717;
0:00:01.910975357   505   0x7f90000b70 TRACE             GST_TRACER :0:: latency, src-element-id=(string)0x55bbd19080, src-element=(string)libcamerasrc0, src=(string)src, sink-element-id=(string)0x55bbd3bd60, sink-element=(string)sink, sink=(string)sink, time=(guint64)42857478, ts=(guint64)1910905023;
0:00:01.912488599   505   0x7f90000dc0 TRACE             GST_TRACER :0:: latency, src-element-id=(string)0x55bbd19080, src-element=(string)libcamerasrc0, src=(string)src, sink-element-id=(string)0x55bbd6bc80, sink-element=(string)udpsink0, sink=(string)sink, time=(guint64)251260482, ts=(guint64)1912437228;
0:00:01.941949691   505   0x7f90001010 TRACE             GST_TRACER :0:: latency, src-element-id=(string)0x55bbd19080, src-element=(string)libcamerasrc0, src=(string)src, sink-element-id=(string)0x55bbd35510, sink-element=(string)fakesink0, sink=(string)sink, time=(guint64)241688, ts=(guint64)1941917061;
0:00:01.963959074   505   0x7f90000b70 TRACE             GST_TRACER :0:: latency, src-element-id=(string)0x55bbd19080, src-element=(string)libcamerasrc0, src=(string)src, sink-element-id=(string)0x55bbd3bd60, sink-element=(string)sink, sink=(string)sink, time=(guint64)22226255, ts=(guint64)1963901628;
0:00:01.971044908   505   0x7f90000dc0 TRACE             GST_TRACER :0:: latency, src-element-id=(string)0x55bbd19080, src-element=(string)libcamerasrc0, src=(string)src, sink-element-id=(string)0x55bbd6bc80, sink-element=(string)udpsink0, sink=(string)sink, time=(guint64)261507220, ts=(guint64)1970966073;
0:00:01.987733924   505   0x7f90001010 TRACE             GST_TRACER :0:: latency, src-element-id=(string)0x55bbd19080, src-element=(string)libcamerasrc0, src=(string)src, sink-element-id=(string)0x55bbd35510, sink-element=(string)fakesink0, sink=(string)sink, time=(guint64)219429, ts=(guint64)1987691368;
0:00:02.010231943   505   0x7f90000b70 TRACE             GST_TRACER :0:: latency, src-element-id=(string)0x55bbd19080, src-element=(string)libcamerasrc0, src=(string)src, sink-element-id=(string)0x55bbd3bd60, sink-element=(string)sink, sink=(string)sink, time=(guint64)22715447, ts=(guint64)2010187386;
Frames recibidos: 30
0:00:02.032540718   505   0x7f90000dc0 TRACE             GST_TRACER :0:: latency, src-element-id=(string)0x55bbd19080, src-element=(string)libcamerasrc0, src=(string)src, sink-element-id=(string)0x55bbd6bc80, sink-element=(string)udpsink0, sink=(string)sink, time=(guint64)267314917, ts=(guint64)2032475069;
0:00:02.065269353   505   0x7f90001010 TRACE             GST_TRACER :0:: latency, src-element-id=(string)0x55bbd19080, src-element=(string)libcamerasrc0, src=(string)src, sink-element-id=(string)0x55bbd35510, sink-element=(string)fakesink0, sink=(string)sink, time=(guint64)4025072, ts=(guint64)2065202297;
0:00:02.074705514   505   0x7f90000dc0 TRACE             GST_TRACER :0:: latency, src-element-id=(string)0x55bbd19080, src-element=(string)libcamerasrc0, src=(string)src, sink-element-id=(string)0x55bbd6bc80, sink-element=(string)udpsink0, sink=(string)sink, time=(guint64)259812624, ts=(guint64)2074643810;
0:00:02.082348319   505   0x7f90000b70 TRACE             GST_TRACER :0:: latency, src-element-id=(string)0x55bbd19080, src-element=(string)libcamerasrc0, src=(string)src, sink-element-id=(string)0x55bbd3bd60, sink-element=(string)sink, sink=(string)sink, time=(guint64)21100537, ts=(guint64)2082277762;
0:00:02.101723296   505   0x7f90001010 TRACE             GST_TRACER :0:: latency, src-element-id=(string)0x55bbd19080, src-element=(string)libcamerasrc0, src=(string)src, sink-element-id=(string)0x55bbd35510, sink-element=(string)fakesink0, sink=(string)sink, time=(guint64)220022, ts=(guint64)2101680111;
0:00:02.124306205   505   0x7f90000b70 TRACE             GST_TRACER :0:: latency, src-element-id=(string)0x55bbd19080, src-element=(string)libcamerasrc0, src=(string)src, sink-element-id=(string)0x55bbd3bd60, sink-element=(string)sink, sink=(string)sink, time=(guint64)22797689, ts=(guint64)2124257778;
0:00:02.129491051   505   0x7f90000dc0 TRACE             GST_TRACER :0:: latency, src-element-id=(string)0x55bbd19080, src-element=(string)libcamerasrc0, src=(string)src, sink-element-id=(string)0x55bbd6bc80, sink-element=(string)udpsink0, sink=(string)sink, time=(guint64)261387857, ts=(guint64)2129435402;
0:00:02.153211197   505   0x7f90001010 TRACE             GST_TRACER :0:: latency, src-element-id=(string)0x55bbd19080, src-element=(string)libcamerasrc0, src=(string)src, sink-element-id=(string)0x55bbd35510, sink-element=(string)fakesink0, sink=(string)sink, time=(guint64)3974460, ts=(guint64)2153152789;
0:00:02.177894782   505   0x7f90000dc0 TRACE             GST_TRACER :0:: latency, src-element-id=(string)0x55bbd19080, src-element=(string)libcamerasrc0, src=(string)src, sink-element-id=(string)0x55bbd6bc80, sink-element=(string)udpsink0, sink=(string)sink, time=(guint64)236161149, ts=(guint64)2177836522;
0:00:02.177907263   505   0x7f90000b70 TRACE             GST_TRACER :0:: latency, src-element-id=(string)0x55bbd19080, src-element=(string)libcamerasrc0, src=(string)src, sink-element-id=(string)0x55bbd3bd60, sink-element=(string)sink, sink=(string)sink, time=(guint64)28697915, ts=(guint64)2177876244;
0:00:02.201454148   505   0x7f90001010 TRACE             GST_TRACER :0:: latency, src-element-id=(string)0x55bbd19080, src-element=(string)libcamerasrc0, src=(string)src, sink-element-id=(string)0x55bbd35510, sink-element=(string)fakesink0, sink=(string)sink, time=(guint64)229688, ts=(guint64)2201412258;
0:00:02.223433937   505   0x7f90000dc0 TRACE             GST_TRACER :0:: latency, src-element-id=(string)0x55bbd19080, src-element=(string)libcamerasrc0, src=(string)src, sink-element-id=(string)0x55bbd6bc80, sink-element=(string)udpsink0, sink=(string)sink, time=(guint64)235909164, ts=(guint64)2223381103;
0:00:02.228255427   505   0x7f90000b70 TRACE             GST_TRACER :0:: latency, src-element-id=(string)0x55bbd19080, src-element=(string)libcamerasrc0, src=(string)src, sink-element-id=(string)0x55bbd3bd60, sink-element=(string)sink, sink=(string)sink, time=(guint64)27015226, ts=(guint64)2228197796;
0:00:02.245452079   505   0x7f90001010 TRACE             GST_TRACER :0:: latency, src-element-id=(string)0x55bbd19080, src-element=(string)libcamerasrc0, src=(string)src, sink-element-id=(string)0x55bbd35510, sink-element=(string)fakesink0, sink=(string)sink, time=(guint64)226781, ts=(guint64)2245410190;
0:00:02.271741537   505   0x7f90000dc0 TRACE             GST_TRACER :0:: latency, src-element-id=(string)0x55bbd19080, src-element=(string)libcamerasrc0, src=(string)src, sink-element-id=(string)0x55bbd6bc80, sink-element=(string)udpsink0, sink=(string)sink, time=(guint64)210517904, ts=(guint64)2271695129;
0:00:02.277448723   505   0x7f90000b70 TRACE             GST_TRACER :0:: latency, src-element-id=(string)0x55bbd19080, src-element=(string)libcamerasrc0, src=(string)src, sink-element-id=(string)0x55bbd3bd60, sink-element=(string)sink, sink=(string)sink, time=(guint64)32203276, ts=(guint64)2277386685;
0:00:02.294337186   505   0x7f90001010 TRACE             GST_TRACER :0:: latency, src-element-id=(string)0x55bbd19080, src-element=(string)libcamerasrc0, src=(string)src, sink-element-id=(string)0x55bbd35510, sink-element=(string)fakesink0, sink=(string)sink, time=(guint64)181872, ts=(guint64)2294306593;
0:00:02.344320123   505   0x7f90000b70 TRACE             GST_TRACER :0:: latency, src-element-id=(string)0x55bbd19080, src-element=(string)libcamerasrc0, src=(string)src, sink-element-id=(string)0x55bbd3bd60, sink-element=(string)sink, sink=(string)sink, time=(guint64)50151031, ts=(guint64)2344275752;
0:00:02.346979862   505   0x7f90000dc0 TRACE             GST_TRACER :0:: latency, src-element-id=(string)0x55bbd19080, src-element=(string)libcamerasrc0, src=(string)src, sink-element-id=(string)0x55bbd6bc80, sink-element=(string)udpsink0, sink=(string)sink, time=(guint64)245474216, ts=(guint64)2346934305;
0:00:02.375127473   505   0x7f90001010 TRACE             GST_TRACER :0:: latency, src-element-id=(string)0x55bbd19080, src-element=(string)libcamerasrc0, src=(string)src, sink-element-id=(string)0x55bbd35510, sink-element=(string)fakesink0, sink=(string)sink, time=(guint64)187780, ts=(guint64)2375094528;
0:00:02.419436927   505   0x7f90000dc0 TRACE             GST_TRACER :0:: latency, src-element-id=(string)0x55bbd19080, src-element=(string)libcamerasrc0, src=(string)src, sink-element-id=(string)0x55bbd6bc80, sink-element=(string)udpsink0, sink=(string)sink, time=(guint64)270205505, ts=(guint64)2419383834;
0:00:02.422424911   505   0x7f90000b70 TRACE             GST_TRACER :0:: latency, src-element-id=(string)0x55bbd19080, src-element=(string)libcamerasrc0, src=(string)src, sink-element-id=(string)0x55bbd3bd60, sink-element=(string)sink, sink=(string)sink, time=(guint64)47474366, ts=(guint64)2422381114;
0:00:02.443367706   505   0x7f90001010 TRACE             GST_TRACER :0:: latency, src-element-id=(string)0x55bbd19080, src-element=(string)libcamerasrc0, src=(string)src, sink-element-id=(string)0x55bbd35510, sink-element=(string)fakesink0, sink=(string)sink, time=(guint64)200725, ts=(guint64)2443331872;
0:00:02.474818287   505   0x7f90000dc0 TRACE             GST_TRACER :0:: latency, src-element-id=(string)0x55bbd19080, src-element=(string)libcamerasrc0, src=(string)src, sink-element-id=(string)0x55bbd6bc80, sink-element=(string)udpsink0, sink=(string)sink, time=(guint64)273573901, ts=(guint64)2474756471;
0:00:02.475931746   505   0x7f90000b70 TRACE             GST_TRACER :0:: latency, src-element-id=(string)0x55bbd19080, src-element=(string)libcamerasrc0, src=(string)src, sink-element-id=(string)0x55bbd3bd60, sink-element=(string)sink, sink=(string)sink, time=(guint64)32751561, ts=(guint64)2475882708;
0:00:02.498434283   505   0x7f90001010 TRACE             GST_TRACER :0:: latency, src-element-id=(string)0x55bbd19080, src-element=(string)libcamerasrc0, src=(string)src, sink-element-id=(string)0x55bbd35510, sink-element=(string)fakesink0, sink=(string)sink, time=(guint64)228929, ts=(guint64)2498389190;
0:00:02.520056994   505   0x7f90000dc0 TRACE             GST_TRACER :0:: latency, src-element-id=(string)0x55bbd19080, src-element=(string)libcamerasrc0, src=(string)src, sink-element-id=(string)0x55bbd6bc80, sink-element=(string)udpsink0, sink=(string)sink, time=(guint64)274804473, ts=(guint64)2519987882;
0:00:02.526950252   505   0x7f90000b70 TRACE             GST_TRACER :0:: latency, src-element-id=(string)0x55bbd19080, src-element=(string)libcamerasrc0, src=(string)src, sink-element-id=(string)0x55bbd3bd60, sink-element=(string)sink, sink=(string)sink, time=(guint64)28726953, ts=(guint64)2526887214;
0:00:02.545263660   505   0x7f90001010 TRACE             GST_TRACER :0:: latency, src-element-id=(string)0x55bbd19080, src-element=(string)libcamerasrc0, src=(string)src, sink-element-id=(string)0x55bbd35510, sink-element=(string)fakesink0, sink=(string)sink, time=(guint64)4100406, ts=(guint64)2545211733;
0:00:02.566364271   505   0x7f90000dc0 TRACE             GST_TRACER :0:: latency, src-element-id=(string)0x55bbd19080, src-element=(string)libcamerasrc0, src=(string)src, sink-element-id=(string)0x55bbd6bc80, sink-element=(string)udpsink0, sink=(string)sink, time=(guint64)272120197, ts=(guint64)2566244918;
0:00:02.571200816   505   0x7f90000b70 TRACE             GST_TRACER :0:: latency, src-element-id=(string)0x55bbd19080, src-element=(string)libcamerasrc0, src=(string)src, sink-element-id=(string)0x55bbd3bd60, sink-element=(string)sink, sink=(string)sink, time=(guint64)30003488, ts=(guint64)2571114815;
0:00:02.599594968   505   0x7f90001010 TRACE             GST_TRACER :0:: latency, src-element-id=(string)0x55bbd19080, src-element=(string)libcamerasrc0, src=(string)src, sink-element-id=(string)0x55bbd35510, sink-element=(string)fakesink0, sink=(string)sink, time=(guint64)237929, ts=(guint64)2599552856;
0:00:02.614591129   505   0x7f90000dc0 TRACE             GST_TRACER :0:: latency, src-element-id=(string)0x55bbd19080, src-element=(string)libcamerasrc0, src=(string)src, sink-element-id=(string)0x55bbd6bc80, sink-element=(string)udpsink0, sink=(string)sink, time=(guint64)239631232, ts=(guint64)2614537980;
0:00:02.617243127   505   0x7f90000b70 TRACE             GST_TRACER :0:: latency, src-element-id=(string)0x55bbd19080, src-element=(string)libcamerasrc0, src=(string)src, sink-element-id=(string)0x55bbd3bd60, sink-element=(string)sink, sink=(string)sink, time=(guint64)17874032, ts=(guint64)2617188959;
0:00:02.645457350   505   0x7f90001010 TRACE             GST_TRACER :0:: latency, src-element-id=(string)0x55bbd19080, src-element=(string)libcamerasrc0, src=(string)src, sink-element-id=(string)0x55bbd35510, sink-element=(string)fakesink0, sink=(string)sink, time=(guint64)241522, ts=(guint64)2645414368;
0:00:02.663385364   505   0x7f90000dc0 TRACE             GST_TRACER :0:: latency, src-element-id=(string)0x55bbd19080, src-element=(string)libcamerasrc0, src=(string)src, sink-element-id=(string)0x55bbd6bc80, sink-element=(string)udpsink0, sink=(string)sink, time=(guint64)220200568, ts=(guint64)2663331715;
0:00:02.667256119   505   0x7f90000b70 TRACE             GST_TRACER :0:: latency, src-element-id=(string)0x55bbd19080, src-element=(string)libcamerasrc0, src=(string)src, sink-element-id=(string)0x55bbd3bd60, sink-element=(string)sink, sink=(string)sink, time=(guint64)22015291, ts=(guint64)2667188137;
0:00:02.685695492   505   0x7f90001010 TRACE             GST_TRACER :0:: latency, src-element-id=(string)0x55bbd19080, src-element=(string)libcamerasrc0, src=(string)src, sink-element-id=(string)0x55bbd35510, sink-element=(string)fakesink0, sink=(string)sink, time=(guint64)241985, ts=(guint64)2685652232;
0:00:02.723795216   505   0x7f90000dc0 TRACE             GST_TRACER :0:: latency, src-element-id=(string)0x55bbd19080, src-element=(string)libcamerasrc0, src=(string)src, sink-element-id=(string)0x55bbd6bc80, sink-element=(string)udpsink0, sink=(string)sink, time=(guint64)225559621, ts=(guint64)2723719882;
0:00:02.730333172   505   0x7f90000b70 TRACE             GST_TRACER :0:: latency, src-element-id=(string)0x55bbd19080, src-element=(string)libcamerasrc0, src=(string)src, sink-element-id=(string)0x55bbd3bd60, sink-element=(string)sink, sink=(string)sink, time=(guint64)44867758, ts=(guint64)2730278005;
0:00:02.745662911   505   0x7f90001010 TRACE             GST_TRACER :0:: latency, src-element-id=(string)0x55bbd19080, src-element=(string)libcamerasrc0, src=(string)src, sink-element-id=(string)0x55bbd35510, sink-element=(string)fakesink0, sink=(string)sink, time=(guint64)283948, ts=(guint64)2745628707;
0:00:02.778364120   505   0x7f90000b70 TRACE             GST_TRACER :0:: latency, src-element-id=(string)0x55bbd19080, src-element=(string)libcamerasrc0, src=(string)src, sink-element-id=(string)0x55bbd3bd60, sink-element=(string)sink, sink=(string)sink, time=(guint64)32970786, ts=(guint64)2778315545;
0:00:02.784909743   505   0x7f90000dc0 TRACE             GST_TRACER :0:: latency, src-element-id=(string)0x55bbd19080, src-element=(string)libcamerasrc0, src=(string)src, sink-element-id=(string)0x55bbd6bc80, sink-element=(string)udpsink0, sink=(string)sink, time=(guint64)243751508, ts=(guint64)2784862835;
0:00:02.808110994   505   0x7f90001010 TRACE             GST_TRACER :0:: latency, src-element-id=(string)0x55bbd19080, src-element=(string)libcamerasrc0, src=(string)src, sink-element-id=(string)0x55bbd35510, sink-element=(string)fakesink0, sink=(string)sink, time=(guint64)301782, ts=(guint64)2808068493;
0:00:02.838605099   505   0x7f90000dc0 TRACE             GST_TRACER :0:: latency, src-element-id=(string)0x55bbd19080, src-element=(string)libcamerasrc0, src=(string)src, sink-element-id=(string)0x55bbd6bc80, sink-element=(string)udpsink0, sink=(string)sink, time=(guint64)239232505, ts=(guint64)2838547432;
0:00:02.857145584   505   0x7f90000b70 TRACE             GST_TRACER :0:: latency, src-element-id=(string)0x55bbd19080, src-element=(string)libcamerasrc0, src=(string)src, sink-element-id=(string)0x55bbd3bd60, sink-element=(string)sink, sink=(string)sink, time=(guint64)49329095, ts=(guint64)2857095806;
0:00:02.862580452   505   0x7f90001010 TRACE             GST_TRACER :0:: latency, src-element-id=(string)0x55bbd19080, src-element=(string)libcamerasrc0, src=(string)src, sink-element-id=(string)0x55bbd35510, sink-element=(string)fakesink0, sink=(string)sink, time=(guint64)291578, ts=(guint64)2862544729;
0:00:02.892025488   505   0x7f90000dc0 TRACE             GST_TRACER :0:: latency, src-element-id=(string)0x55bbd19080, src-element=(string)libcamerasrc0, src=(string)src, sink-element-id=(string)0x55bbd6bc80, sink-element=(string)udpsink0, sink=(string)sink, time=(guint64)246797271, ts=(guint64)2891970117;
0:00:02.892565144   505   0x7f90000b70 TRACE             GST_TRACER :0:: latency, src-element-id=(string)0x55bbd19080, src-element=(string)libcamerasrc0, src=(string)src, sink-element-id=(string)0x55bbd3bd60, sink-element=(string)sink, sink=(string)sink, time=(guint64)30275992, ts=(guint64)2892529143;
0:00:02.917491728   505   0x7f90001010 TRACE             GST_TRACER :0:: latency, src-element-id=(string)0x55bbd19080, src-element=(string)libcamerasrc0, src=(string)src, sink-element-id=(string)0x55bbd35510, sink-element=(string)fakesink0, sink=(string)sink, time=(guint64)285540, ts=(guint64)2917453672;
0:00:02.942970560   505   0x7f90000dc0 TRACE             GST_TRACER :0:: latency, src-element-id=(string)0x55bbd19080, src-element=(string)libcamerasrc0, src=(string)src, sink-element-id=(string)0x55bbd6bc80, sink-element=(string)udpsink0, sink=(string)sink, time=(guint64)257502238, ts=(guint64)2942912485;
0:00:02.954838010   505   0x7f90000b70 TRACE             GST_TRACER :0:: latency, src-element-id=(string)0x55bbd19080, src-element=(string)libcamerasrc0, src=(string)src, sink-element-id=(string)0x55bbd3bd60, sink-element=(string)sink, sink=(string)sink, time=(guint64)37615878, ts=(guint64)2954784010;
0:00:02.973472123   505   0x7f90001010 TRACE             GST_TRACER :0:: latency, src-element-id=(string)0x55bbd19080, src-element=(string)libcamerasrc0, src=(string)src, sink-element-id=(string)0x55bbd35510, sink-element=(string)fakesink0, sink=(string)sink, time=(guint64)290560, ts=(guint64)2973437234;
0:00:02.993253288   505   0x7f90000b70 TRACE             GST_TRACER :0:: latency, src-element-id=(string)0x55bbd19080, src-element=(string)libcamerasrc0, src=(string)src, sink-element-id=(string)0x55bbd3bd60, sink-element=(string)sink, sink=(string)sink, time=(guint64)20045650, ts=(guint64)2993192324;
0:00:02.993308511   505   0x7f90000dc0 TRACE             GST_TRACER :0:: latency, src-element-id=(string)0x55bbd19080, src-element=(string)libcamerasrc0, src=(string)src, sink-element-id=(string)0x55bbd6bc80, sink-element=(string)udpsink0, sink=(string)sink, time=(guint64)247936011, ts=(guint64)2993280770;
0:00:03.008554394   505   0x7f90001010 TRACE             GST_TRACER :0:: latency, src-element-id=(string)0x55bbd19080, src-element=(string)libcamerasrc0, src=(string)src, sink-element-id=(string)0x55bbd35510, sink-element=(string)fakesink0, sink=(string)sink, time=(guint64)268689, ts=(guint64)3008519801;
0:00:03.033580812   505   0x7f90000dc0 TRACE             GST_TRACER :0:: latency, src-element-id=(string)0x55bbd19080, src-element=(string)libcamerasrc0, src=(string)src, sink-element-id=(string)0x55bbd6bc80, sink-element=(string)udpsink0, sink=(string)sink, time=(guint64)225772082, ts=(guint64)3033538793;
0:00:03.043243012   505   0x7f90000b70 TRACE             GST_TRACER :0:: latency, src-element-id=(string)0x55bbd19080, src-element=(string)libcamerasrc0, src=(string)src, sink-element-id=(string)0x55bbd3bd60, sink-element=(string)sink, sink=(string)sink, time=(guint64)34914028, ts=(guint64)3043165140;
0:00:03.053295568   505   0x7f90001010 TRACE             GST_TRACER :0:: latency, src-element-id=(string)0x55bbd19080, src-element=(string)libcamerasrc0, src=(string)src, sink-element-id=(string)0x55bbd35510, sink-element=(string)fakesink0, sink=(string)sink, time=(guint64)2014342, ts=(guint64)3053249698;
0:00:03.084498511   505   0x7f90000dc0 TRACE             GST_TRACER :0:: latency, src-element-id=(string)0x55bbd19080, src-element=(string)libcamerasrc0, src=(string)src, sink-element-id=(string)0x55bbd6bc80, sink-element=(string)udpsink0, sink=(string)sink, time=(guint64)222169248, ts=(guint64)3084422399;
0:00:03.087582718   505   0x7f90000b70 TRACE             GST_TRACER :0:: latency, src-element-id=(string)0x55bbd19080, src-element=(string)libcamerasrc0, src=(string)src, sink-element-id=(string)0x55bbd3bd60, sink-element=(string)sink, sink=(string)sink, time=(guint64)36285861, ts=(guint64)3087521217;
0:00:03.109439113   505   0x7f90001010 TRACE             GST_TRACER :0:: latency, src-element-id=(string)0x55bbd19080, src-element=(string)libcamerasrc0, src=(string)src, sink-element-id=(string)0x55bbd35510, sink-element=(string)fakesink0, sink=(string)sink, time=(guint64)235596, ts=(guint64)3109400576;
0:00:03.127101954   505   0x7f90000b70 TRACE             GST_TRACER :0:: latency, src-element-id=(string)0x55bbd19080, src-element=(string)libcamerasrc0, src=(string)src, sink-element-id=(string)0x55bbd3bd60, sink-element=(string)sink, sink=(string)sink, time=(guint64)17876640, ts=(guint64)3127041620;
0:00:03.136833951   505   0x7f90000dc0 TRACE             GST_TRACER :0:: latency, src-element-id=(string)0x55bbd19080, src-element=(string)libcamerasrc0, src=(string)src, sink-element-id=(string)0x55bbd6bc80, sink-element=(string)udpsink0, sink=(string)sink, time=(guint64)219613967, ts=(guint64)3136782099;
0:00:03.167378441   505   0x7f90001010 TRACE             GST_TRACER :0:: latency, src-element-id=(string)0x55bbd19080, src-element=(string)libcamerasrc0, src=(string)src, sink-element-id=(string)0x55bbd35510, sink-element=(string)fakesink0, sink=(string)sink, time=(guint64)242596, ts=(guint64)3167333570;
0:00:03.184509219   505   0x7f90000dc0 TRACE             GST_TRACER :0:: latency, src-element-id=(string)0x55bbd19080, src-element=(string)libcamerasrc0, src=(string)src, sink-element-id=(string)0x55bbd6bc80, sink-element=(string)udpsink0, sink=(string)sink, time=(guint64)211301526, ts=(guint64)3184448200;
0:00:03.185150450   505   0x7f90000b70 TRACE             GST_TRACER :0:: latency, src-element-id=(string)0x55bbd19080, src-element=(string)libcamerasrc0, src=(string)src, sink-element-id=(string)0x55bbd3bd60, sink-element=(string)sink, sink=(string)sink, time=(guint64)18027531, ts=(guint64)3185118505;
0:00:03.209429099   505   0x7f90001010 TRACE             GST_TRACER :0:: latency, src-element-id=(string)0x55bbd19080, src-element=(string)libcamerasrc0, src=(string)src, sink-element-id=(string)0x55bbd35510, sink-element=(string)fakesink0, sink=(string)sink, time=(guint64)227318, ts=(guint64)3209392876;
0:00:03.231842835   505   0x7f90000dc0 TRACE             GST_TRACER :0:: latency, src-element-id=(string)0x55bbd19080, src-element=(string)libcamerasrc0, src=(string)src, sink-element-id=(string)0x55bbd6bc80, sink-element=(string)udpsink0, sink=(string)sink, time=(guint64)223519240, ts=(guint64)3231770352;
0:00:03.233583950   505   0x7f90000b70 TRACE             GST_TRACER :0:: latency, src-element-id=(string)0x55bbd19080, src-element=(string)libcamerasrc0, src=(string)src, sink-element-id=(string)0x55bbd3bd60, sink-element=(string)sink, sink=(string)sink, time=(guint64)24358280, ts=(guint64)3233523838;
0:00:03.258594109   505   0x7f90001010 TRACE             GST_TRACER :0:: latency, src-element-id=(string)0x55bbd19080, src-element=(string)libcamerasrc0, src=(string)src, sink-element-id=(string)0x55bbd35510, sink-element=(string)fakesink0, sink=(string)sink, time=(guint64)529063, ts=(guint64)3258559701;
0:00:03.290944529   505   0x7f90000dc0 TRACE             GST_TRACER :0:: latency, src-element-id=(string)0x55bbd19080, src-element=(string)libcamerasrc0, src=(string)src, sink-element-id=(string)0x55bbd6bc80, sink-element=(string)udpsink0, sink=(string)sink, time=(guint64)239660802, ts=(guint64)3290896158;
0:00:03.298836613   505   0x7f90000b70 TRACE             GST_TRACER :0:: latency, src-element-id=(string)0x55bbd19080, src-element=(string)libcamerasrc0, src=(string)src, sink-element-id=(string)0x55bbd3bd60, sink-element=(string)sink, sink=(string)sink, time=(guint64)40753012, ts=(guint64)3298783650;
0:00:03.321354221   505   0x7f90001010 TRACE             GST_TRACER :0:: latency, src-element-id=(string)0x55bbd19080, src-element=(string)libcamerasrc0, src=(string)src, sink-element-id=(string)0x55bbd35510, sink-element=(string)fakesink0, sink=(string)sink, time=(guint64)195318, ts=(guint64)3321322684;
0:00:03.343153393   505   0x7f90000b70 TRACE             GST_TRACER :0:: latency, src-element-id=(string)0x55bbd19080, src-element=(string)libcamerasrc0, src=(string)src, sink-element-id=(string)0x55bbd3bd60, sink-element=(string)sink, sink=(string)sink, time=(guint64)21977527, ts=(guint64)3343104893;
0:00:03.353242562   505   0x7f90000dc0 TRACE             GST_TRACER :0:: latency, src-element-id=(string)0x55bbd19080, src-element=(string)libcamerasrc0, src=(string)src, sink-element-id=(string)0x55bbd6bc80, sink-element=(string)udpsink0, sink=(string)sink, time=(guint64)244032433, ts=(guint64)3353197413;
0:00:03.372506534   505   0x7f90001010 TRACE             GST_TRACER :0:: latency, src-element-id=(string)0x55bbd19080, src-element=(string)libcamerasrc0, src=(string)src, sink-element-id=(string)0x55bbd35510, sink-element=(string)fakesink0, sink=(string)sink, time=(guint64)184373, ts=(guint64)3372473645;
0:00:03.404466802   505   0x7f90000b70 TRACE             GST_TRACER :0:: latency, src-element-id=(string)0x55bbd19080, src-element=(string)libcamerasrc0, src=(string)src, sink-element-id=(string)0x55bbd3bd60, sink-element=(string)sink, sink=(string)sink, time=(guint64)32130233, ts=(guint64)3404419505;
0:00:03.409947021   505   0x7f90000dc0 TRACE             GST_TRACER :0:: latency, src-element-id=(string)0x55bbd19080, src-element=(string)libcamerasrc0, src=(string)src, sink-element-id=(string)0x55bbd6bc80, sink-element=(string)udpsink0, sink=(string)sink, time=(guint64)242806787, ts=(guint64)3409897761;
0:00:03.437379545   505   0x7f90001010 TRACE             GST_TRACER :0:: latency, src-element-id=(string)0x55bbd19080, src-element=(string)libcamerasrc0, src=(string)src, sink-element-id=(string)0x55bbd35510, sink-element=(string)fakesink0, sink=(string)sink, time=(guint64)199095, ts=(guint64)3437344544;
0:00:03.459898615   505   0x7f90000b70 TRACE             GST_TRACER :0:: latency, src-element-id=(string)0x55bbd19080, src-element=(string)libcamerasrc0, src=(string)src, sink-element-id=(string)0x55bbd3bd60, sink-element=(string)sink, sink=(string)sink, time=(guint64)22705518, ts=(guint64)3459850967;
0:00:03.477291008   505   0x7f90000dc0 TRACE             GST_TRACER :0:: latency, src-element-id=(string)0x55bbd19080, src-element=(string)libcamerasrc0, src=(string)src, sink-element-id=(string)0x55bbd6bc80, sink-element=(string)udpsink0, sink=(string)sink, time=(guint64)268079431, ts=(guint64)3477244989;
0:00:03.495957695   505   0x7f90001010 TRACE             GST_TRACER :0:: latency, src-element-id=(string)0x55bbd19080, src-element=(string)libcamerasrc0, src=(string)src, sink-element-id=(string)0x55bbd35510, sink-element=(string)fakesink0, sink=(string)sink, time=(guint64)180261, ts=(guint64)3495925991;
0:00:03.523347089   505   0x7f90000b70 TRACE             GST_TRACER :0:: latency, src-element-id=(string)0x55bbd19080, src-element=(string)libcamerasrc0, src=(string)src, sink-element-id=(string)0x55bbd3bd60, sink-element=(string)sink, sink=(string)sink, time=(guint64)27550839, ts=(guint64)3523296569;
0:00:03.533510258   505   0x7f90000dc0 TRACE             GST_TRACER :0:: latency, src-element-id=(string)0x55bbd19080, src-element=(string)libcamerasrc0, src=(string)src, sink-element-id=(string)0x55bbd6bc80, sink-element=(string)udpsink0, sink=(string)sink, time=(guint64)275418304, ts=(guint64)3533448942;
0:00:03.561455640   505   0x7f90001010 TRACE             GST_TRACER :0:: latency, src-element-id=(string)0x55bbd19080, src-element=(string)libcamerasrc0, src=(string)src, sink-element-id=(string)0x55bbd35510, sink-element=(string)fakesink0, sink=(string)sink, time=(guint64)237151, ts=(guint64)3561414880;
0:00:03.581867961   505   0x7f90000b70 TRACE             GST_TRACER :0:: latency, src-element-id=(string)0x55bbd19080, src-element=(string)libcamerasrc0, src=(string)src, sink-element-id=(string)0x55bbd3bd60, sink-element=(string)sink, sink=(string)sink, time=(guint64)20617620, ts=(guint64)3581795349;
0:00:03.583098106   505   0x7f90000dc0 TRACE             GST_TRACER :0:: latency, src-element-id=(string)0x55bbd19080, src-element=(string)libcamerasrc0, src=(string)src, sink-element-id=(string)0x55bbd6bc80, sink-element=(string)udpsink0, sink=(string)sink, time=(guint64)261858091, ts=(guint64)3582985457;
0:00:03.613464612   505   0x7f90001010 TRACE             GST_TRACER :0:: latency, src-element-id=(string)0x55bbd19080, src-element=(string)libcamerasrc0, src=(string)src, sink-element-id=(string)0x55bbd35510, sink-element=(string)fakesink0, sink=(string)sink, time=(guint64)226151, ts=(guint64)3613428612;
0:00:03.629436894   505   0x7f90000dc0 TRACE             GST_TRACER :0:: latency, src-element-id=(string)0x55bbd19080, src-element=(string)libcamerasrc0, src=(string)src, sink-element-id=(string)0x55bbd6bc80, sink-element=(string)udpsink0, sink=(string)sink, time=(guint64)257084843, ts=(guint64)3629374115;
0:00:03.632737104   505   0x7f90000b70 TRACE             GST_TRACER :0:: latency, src-element-id=(string)0x55bbd19080, src-element=(string)libcamerasrc0, src=(string)src, sink-element-id=(string)0x55bbd3bd60, sink-element=(string)sink, sink=(string)sink, time=(guint64)19463753, ts=(guint64)3632666214;
Frames recibidos: 60
0:00:03.647842541   505   0x7f90001010 TRACE             GST_TRACER :0:: latency, src-element-id=(string)0x55bbd19080, src-element=(string)libcamerasrc0, src=(string)src, sink-element-id=(string)0x55bbd35510, sink-element=(string)fakesink0, sink=(string)sink, time=(guint64)212429, ts=(guint64)3647809633;
0:00:03.679470971   505   0x7f90000dc0 TRACE             GST_TRACER :0:: latency, src-element-id=(string)0x55bbd19080, src-element=(string)libcamerasrc0, src=(string)src, sink-element-id=(string)0x55bbd6bc80, sink-element=(string)udpsink0, sink=(string)sink, time=(guint64)242264150, ts=(guint64)3679409599;
0:00:03.682522899   505   0x7f90000b70 TRACE             GST_TRACER :0:: latency, src-element-id=(string)0x55bbd19080, src-element=(string)libcamerasrc0, src=(string)src, sink-element-id=(string)0x55bbd3bd60, sink-element=(string)sink, sink=(string)sink, time=(guint64)34785119, ts=(guint64)3682382323;
0:00:03.700595616   505   0x7f90001010 TRACE             GST_TRACER :0:: latency, src-element-id=(string)0x55bbd19080, src-element=(string)libcamerasrc0, src=(string)src, sink-element-id=(string)0x55bbd35510, sink-element=(string)fakesink0, sink=(string)sink, time=(guint64)225669, ts=(guint64)3700554411;
0:00:03.729961424   505   0x7f90000dc0 TRACE             GST_TRACER :0:: latency, src-element-id=(string)0x55bbd19080, src-element=(string)libcamerasrc0, src=(string)src, sink-element-id=(string)0x55bbd6bc80, sink-element=(string)udpsink0, sink=(string)sink, time=(guint64)234155526, ts=(guint64)3729901256;
0:00:03.732155378   505   0x7f90000b70 TRACE             GST_TRACER :0:: latency, src-element-id=(string)0x55bbd19080, src-element=(string)libcamerasrc0, src=(string)src, sink-element-id=(string)0x55bbd3bd60, sink-element=(string)sink, sink=(string)sink, time=(guint64)31775246, ts=(guint64)3732103988;
0:00:03.759768052   505   0x7f90001010 TRACE             GST_TRACER :0:: latency, src-element-id=(string)0x55bbd19080, src-element=(string)libcamerasrc0, src=(string)src, sink-element-id=(string)0x55bbd35510, sink-element=(string)fakesink0, sink=(string)sink, time=(guint64)197984, ts=(guint64)3759734033;
0:00:03.783632992   505   0x7f90000dc0 TRACE             GST_TRACER :0:: latency, src-element-id=(string)0x55bbd19080, src-element=(string)libcamerasrc0, src=(string)src, sink-element-id=(string)0x55bbd6bc80, sink-element=(string)udpsink0, sink=(string)sink, time=(guint64)222397781, ts=(guint64)3783575510;
0:00:03.794914824   505   0x7f90000b70 TRACE             GST_TRACER :0:: latency, src-element-id=(string)0x55bbd19080, src-element=(string)libcamerasrc0, src=(string)src, sink-element-id=(string)0x55bbd3bd60, sink-element=(string)sink, sink=(string)sink, time=(guint64)35331996, ts=(guint64)3794868045;
0:00:03.805546240   505   0x7f90001010 TRACE             GST_TRACER :0:: latency, src-element-id=(string)0x55bbd19080, src-element=(string)libcamerasrc0, src=(string)src, sink-element-id=(string)0x55bbd35510, sink-element=(string)fakesink0, sink=(string)sink, time=(guint64)265855, ts=(guint64)3805514258;
0:00:03.823614364   505   0x7f90000b70 TRACE             GST_TRACER :0:: latency, src-element-id=(string)0x55bbd19080, src-element=(string)libcamerasrc0, src=(string)src, sink-element-id=(string)0x55bbd3bd60, sink-element=(string)sink, sink=(string)sink, time=(guint64)18316497, ts=(guint64)3823564900;
0:00:03.847285671   505   0x7f90000dc0 TRACE             GST_TRACER :0:: latency, src-element-id=(string)0x55bbd19080, src-element=(string)libcamerasrc0, src=(string)src, sink-element-id=(string)0x55bbd6bc80, sink-element=(string)udpsink0, sink=(string)sink, time=(guint64)234031117, ts=(guint64)3847233578;
0:00:03.870371231   505   0x7f90001010 TRACE             GST_TRACER :0:: latency, src-element-id=(string)0x55bbd19080, src-element=(string)libcamerasrc0, src=(string)src, sink-element-id=(string)0x55bbd35510, sink-element=(string)fakesink0, sink=(string)sink, time=(guint64)206225, ts=(guint64)3870333693;
0:00:03.892027790   505   0x7f90000dc0 TRACE             GST_TRACER :0:: latency, src-element-id=(string)0x55bbd19080, src-element=(string)libcamerasrc0, src=(string)src, sink-element-id=(string)0x55bbd6bc80, sink-element=(string)udpsink0, sink=(string)sink, time=(guint64)244378697, ts=(guint64)3891975901;
0:00:03.893312659   505   0x7f90000b70 TRACE             GST_TRACER :0:: latency, src-element-id=(string)0x55bbd19080, src-element=(string)libcamerasrc0, src=(string)src, sink-element-id=(string)0x55bbd3bd60, sink-element=(string)sink, sink=(string)sink, time=(guint64)22899669, ts=(guint64)3893027137;
0:00:03.922368552   505   0x7f90001010 TRACE             GST_TRACER :0:: latency, src-element-id=(string)0x55bbd19080, src-element=(string)libcamerasrc0, src=(string)src, sink-element-id=(string)0x55bbd35510, sink-element=(string)fakesink0, sink=(string)sink, time=(guint64)213873, ts=(guint64)3922332181;
0:00:03.943115225   505   0x7f90000dc0 TRACE             GST_TRACER :0:: latency, src-element-id=(string)0x55bbd19080, src-element=(string)libcamerasrc0, src=(string)src, sink-element-id=(string)0x55bbd6bc80, sink-element=(string)udpsink0, sink=(string)sink, time=(guint64)242726557, ts=(guint64)3943055299;
0:00:03.956811716   505   0x7f90000b70 TRACE             GST_TRACER :0:: latency, src-element-id=(string)0x55bbd19080, src-element=(string)libcamerasrc0, src=(string)src, sink-element-id=(string)0x55bbd3bd60, sink-element=(string)sink, sink=(string)sink, time=(guint64)34634500, ts=(guint64)3956752808;
0:00:03.969217486   505   0x7f90001010 TRACE             GST_TRACER :0:: latency, src-element-id=(string)0x55bbd19080, src-element=(string)libcamerasrc0, src=(string)src, sink-element-id=(string)0x55bbd35510, sink-element=(string)fakesink0, sink=(string)sink, time=(guint64)3263394, ts=(guint64)3969163726;
0:00:03.991658367   505   0x7f90000dc0 TRACE             GST_TRACER :0:: latency, src-element-id=(string)0x55bbd19080, src-element=(string)libcamerasrc0, src=(string)src, sink-element-id=(string)0x55bbd6bc80, sink-element=(string)udpsink0, sink=(string)sink, time=(guint64)232056150, ts=(guint64)3991592199;
0:00:03.993848043   505   0x7f90000b70 TRACE             GST_TRACER :0:: latency, src-element-id=(string)0x55bbd19080, src-element=(string)libcamerasrc0, src=(string)src, sink-element-id=(string)0x55bbd3bd60, sink-element=(string)sink, sink=(string)sink, time=(guint64)27882247, ts=(guint64)3993782579;
0:00:04.014212471   505   0x7f90001010 TRACE             GST_TRACER :0:: latency, src-element-id=(string)0x55bbd19080, src-element=(string)libcamerasrc0, src=(string)src, sink-element-id=(string)0x55bbd35510, sink-element=(string)fakesink0, sink=(string)sink, time=(guint64)196021, ts=(guint64)4014176470;
0:00:04.038548505   505   0x7f90000dc0 TRACE             GST_TRACER :0:: latency, src-element-id=(string)0x55bbd19080, src-element=(string)libcamerasrc0, src=(string)src, sink-element-id=(string)0x55bbd6bc80, sink-element=(string)udpsink0, sink=(string)sink, time=(guint64)233235935, ts=(guint64)4038484338;
0:00:04.041798455   505   0x7f90000b70 TRACE             GST_TRACER :0:: latency, src-element-id=(string)0x55bbd19080, src-element=(string)libcamerasrc0, src=(string)src, sink-element-id=(string)0x55bbd3bd60, sink-element=(string)sink, sink=(string)sink, time=(guint64)27756968, ts=(guint64)4041737417;
0:00:04.056666942   505   0x7f90001010 TRACE             GST_TRACER :0:: latency, src-element-id=(string)0x55bbd19080, src-element=(string)libcamerasrc0, src=(string)src, sink-element-id=(string)0x55bbd35510, sink-element=(string)fakesink0, sink=(string)sink, time=(guint64)192818, ts=(guint64)4056632386;
0:00:04.088427016   505   0x7f90000b70 TRACE             GST_TRACER :0:: latency, src-element-id=(string)0x55bbd19080, src-element=(string)libcamerasrc0, src=(string)src, sink-element-id=(string)0x55bbd3bd60, sink-element=(string)sink, sink=(string)sink, time=(guint64)31919558, ts=(guint64)4088359126;
0:00:04.095183806   505   0x7f90000dc0 TRACE             GST_TRACER :0:: latency, src-element-id=(string)0x55bbd19080, src-element=(string)libcamerasrc0, src=(string)src, sink-element-id=(string)0x55bbd6bc80, sink-element=(string)udpsink0, sink=(string)sink, time=(guint64)224982856, ts=(guint64)4095110324;
0:00:04.115112173   505   0x7f90001010 TRACE             GST_TRACER :0:: latency, src-element-id=(string)0x55bbd19080, src-element=(string)libcamerasrc0, src=(string)src, sink-element-id=(string)0x55bbd35510, sink-element=(string)fakesink0, sink=(string)sink, time=(guint64)182355, ts=(guint64)4115080562;
0:00:04.149132795   505   0x7f90000b70 TRACE             GST_TRACER :0:: latency, src-element-id=(string)0x55bbd19080, src-element=(string)libcamerasrc0, src=(string)src, sink-element-id=(string)0x55bbd3bd60, sink-element=(string)sink, sink=(string)sink, time=(guint64)34186791, ts=(guint64)4149084998;
0:00:04.158413988   505   0x7f90000dc0 TRACE             GST_TRACER :0:: latency, src-element-id=(string)0x55bbd19080, src-element=(string)libcamerasrc0, src=(string)src, sink-element-id=(string)0x55bbd6bc80, sink-element=(string)udpsink0, sink=(string)sink, time=(guint64)236248605, ts=(guint64)4158366913;
0:00:04.194020426   505   0x7f90001010 TRACE             GST_TRACER :0:: latency, src-element-id=(string)0x55bbd19080, src-element=(string)libcamerasrc0, src=(string)src, sink-element-id=(string)0x55bbd35510, sink-element=(string)fakesink0, sink=(string)sink, time=(guint64)204429, ts=(guint64)4193980704;
0:00:04.209264363   505   0x7f90000dc0 TRACE             GST_TRACER :0:: latency, src-element-id=(string)0x55bbd19080, src-element=(string)libcamerasrc0, src=(string)src, sink-element-id=(string)0x55bbd6bc80, sink-element=(string)udpsink0, sink=(string)sink, time=(guint64)243319604, ts=(guint64)4209219936;
0:00:04.211652912   505   0x7f90000b70 TRACE             GST_TRACER :0:: latency, src-element-id=(string)0x55bbd19080, src-element=(string)libcamerasrc0, src=(string)src, sink-element-id=(string)0x55bbd3bd60, sink-element=(string)sink, sink=(string)sink, time=(guint64)17817618, ts=(guint64)4211593893;
0:00:04.234214220   505   0x7f90001010 TRACE             GST_TRACER :0:: latency, src-element-id=(string)0x55bbd19080, src-element=(string)libcamerasrc0, src=(string)src, sink-element-id=(string)0x55bbd35510, sink-element=(string)fakesink0, sink=(string)sink, time=(guint64)197984, ts=(guint64)4234179571;
0:00:04.254924912   505   0x7f90000b70 TRACE             GST_TRACER :0:: latency, src-element-id=(string)0x55bbd19080, src-element=(string)libcamerasrc0, src=(string)src, sink-element-id=(string)0x55bbd3bd60, sink-element=(string)sink, sink=(string)sink, time=(guint64)20891917, ts=(guint64)4254873504;
0:00:04.260183257   505   0x7f90000dc0 TRACE             GST_TRACER :0:: latency, src-element-id=(string)0x55bbd19080, src-element=(string)libcamerasrc0, src=(string)src, sink-element-id=(string)0x55bbd6bc80, sink-element=(string)udpsink0, sink=(string)sink, time=(guint64)246137603, ts=(guint64)4260118052;
0:00:04.280147143   505   0x7f90001010 TRACE             GST_TRACER :0:: latency, src-element-id=(string)0x55bbd19080, src-element=(string)libcamerasrc0, src=(string)src, sink-element-id=(string)0x55bbd35510, sink-element=(string)fakesink0, sink=(string)sink, time=(guint64)186206, ts=(guint64)4280114846;
0:00:04.309726041   505   0x7f90000b70 TRACE             GST_TRACER :0:: latency, src-element-id=(string)0x55bbd19080, src-element=(string)libcamerasrc0, src=(string)src, sink-element-id=(string)0x55bbd3bd60, sink-element=(string)sink, sink=(string)sink, time=(guint64)29753104, ts=(guint64)4309681744;
0:00:04.327208673   505   0x7f90000dc0 TRACE             GST_TRACER :0:: latency, src-element-id=(string)0x55bbd19080, src-element=(string)libcamerasrc0, src=(string)src, sink-element-id=(string)0x55bbd6bc80, sink-element=(string)udpsink0, sink=(string)sink, time=(guint64)270716030, ts=(guint64)4327155598;
0:00:04.346609662   505   0x7f90001010 TRACE             GST_TRACER :0:: latency, src-element-id=(string)0x55bbd19080, src-element=(string)libcamerasrc0, src=(string)src, sink-element-id=(string)0x55bbd35510, sink-element=(string)fakesink0, sink=(string)sink, time=(guint64)183669, ts=(guint64)4346577699;
0:00:04.381932319   505   0x7f90000b70 TRACE             GST_TRACER :0:: latency, src-element-id=(string)0x55bbd19080, src-element=(string)libcamerasrc0, src=(string)src, sink-element-id=(string)0x55bbd3bd60, sink-element=(string)sink, sink=(string)sink, time=(guint64)35479918, ts=(guint64)4381873948;
0:00:04.384360499   505   0x7f90000dc0 TRACE             GST_TRACER :0:: latency, src-element-id=(string)0x55bbd19080, src-element=(string)libcamerasrc0, src=(string)src, sink-element-id=(string)0x55bbd6bc80, sink-element=(string)udpsink0, sink=(string)sink, time=(guint64)269417698, ts=(guint64)4384315905;
0:00:04.405723069   505   0x7f90001010 TRACE             GST_TRACER :0:: latency, src-element-id=(string)0x55bbd19080, src-element=(string)libcamerasrc0, src=(string)src, sink-element-id=(string)0x55bbd35510, sink-element=(string)fakesink0, sink=(string)sink, time=(guint64)215113, ts=(guint64)4405687494;
0:00:04.433412813   505   0x7f90000b70 TRACE             GST_TRACER :0:: latency, src-element-id=(string)0x55bbd19080, src-element=(string)libcamerasrc0, src=(string)src, sink-element-id=(string)0x55bbd3bd60, sink-element=(string)sink, sink=(string)sink, time=(guint64)27890320, ts=(guint64)4433362701;
0:00:04.446851356   505   0x7f90000dc0 TRACE             GST_TRACER :0:: latency, src-element-id=(string)0x55bbd19080, src-element=(string)libcamerasrc0, src=(string)src, sink-element-id=(string)0x55bbd6bc80, sink-element=(string)udpsink0, sink=(string)sink, time=(guint64)253019951, ts=(guint64)4446796226;
0:00:04.473419790   505   0x7f90001010 TRACE             GST_TRACER :0:: latency, src-element-id=(string)0x55bbd19080, src-element=(string)libcamerasrc0, src=(string)src, sink-element-id=(string)0x55bbd35510, sink-element=(string)fakesink0, sink=(string)sink, time=(guint64)215669, ts=(guint64)4473380585;
0:00:04.493548066   505   0x7f90000dc0 TRACE             GST_TRACER :0:: latency, src-element-id=(string)0x55bbd19080, src-element=(string)libcamerasrc0, src=(string)src, sink-element-id=(string)0x55bbd6bc80, sink-element=(string)udpsink0, sink=(string)sink, time=(guint64)259506201, ts=(guint64)4493487788;
0:00:04.495249051   505   0x7f90000b70 TRACE             GST_TRACER :0:: latency, src-element-id=(string)0x55bbd19080, src-element=(string)libcamerasrc0, src=(string)src, sink-element-id=(string)0x55bbd3bd60, sink-element=(string)sink, sink=(string)sink, time=(guint64)22029671, ts=(guint64)4495194587;
0:00:04.521457554   505   0x7f90001010 TRACE             GST_TRACER :0:: latency, src-element-id=(string)0x55bbd19080, src-element=(string)libcamerasrc0, src=(string)src, sink-element-id=(string)0x55bbd35510, sink-element=(string)fakesink0, sink=(string)sink, time=(guint64)235947, ts=(guint64)4521414109;
0:00:04.540178887   505   0x7f90000dc0 TRACE             GST_TRACER :0:: latency, src-element-id=(string)0x55bbd19080, src-element=(string)libcamerasrc0, src=(string)src, sink-element-id=(string)0x55bbd6bc80, sink-element=(string)udpsink0, sink=(string)sink, time=(guint64)260189024, ts=(guint64)4540117664;
0:00:04.545884886   505   0x7f90000b70 TRACE             GST_TRACER :0:: latency, src-element-id=(string)0x55bbd19080, src-element=(string)libcamerasrc0, src=(string)src, sink-element-id=(string)0x55bbd3bd60, sink-element=(string)sink, sink=(string)sink, time=(guint64)24647649, ts=(guint64)4545825811;
0:00:04.566148665   505   0x7f90001010 TRACE             GST_TRACER :0:: latency, src-element-id=(string)0x55bbd19080, src-element=(string)libcamerasrc0, src=(string)src, sink-element-id=(string)0x55bbd35510, sink-element=(string)fakesink0, sink=(string)sink, time=(guint64)224244, ts=(guint64)4566106090;
0:00:04.588234448   505   0x7f90000dc0 TRACE             GST_TRACER :0:: latency, src-element-id=(string)0x55bbd19080, src-element=(string)libcamerasrc0, src=(string)src, sink-element-id=(string)0x55bbd6bc80, sink-element=(string)udpsink0, sink=(string)sink, time=(guint64)241789825, ts=(guint64)4588183855;
0:00:04.591768012   505   0x7f90000b70 TRACE             GST_TRACER :0:: latency, src-element-id=(string)0x55bbd19080, src-element=(string)libcamerasrc0, src=(string)src, sink-element-id=(string)0x55bbd3bd60, sink-element=(string)sink, sink=(string)sink, time=(guint64)25821850, ts=(guint64)4591703696;
0:00:04.613246732   505   0x7f90001010 TRACE             GST_TRACER :0:: latency, src-element-id=(string)0x55bbd19080, src-element=(string)libcamerasrc0, src=(string)src, sink-element-id=(string)0x55bbd35510, sink-element=(string)fakesink0, sink=(string)sink, time=(guint64)2901352, ts=(guint64)4613195268;
0:00:04.637266114   505   0x7f90000dc0 TRACE             GST_TRACER :0:: latency, src-element-id=(string)0x55bbd19080, src-element=(string)libcamerasrc0, src=(string)src, sink-element-id=(string)0x55bbd6bc80, sink-element=(string)udpsink0, sink=(string)sink, time=(guint64)231744418, ts=(guint64)4637216799;
0:00:04.637885437   505   0x7f90000b70 TRACE             GST_TRACER :0:: latency, src-element-id=(string)0x55bbd19080, src-element=(string)libcamerasrc0, src=(string)src, sink-element-id=(string)0x55bbd3bd60, sink-element=(string)sink, sink=(string)sink, time=(guint64)27557854, ts=(guint64)4637851770;
0:00:04.661448147   505   0x7f90001010 TRACE             GST_TRACER :0:: latency, src-element-id=(string)0x55bbd19080, src-element=(string)libcamerasrc0, src=(string)src, sink-element-id=(string)0x55bbd35510, sink-element=(string)fakesink0, sink=(string)sink, time=(guint64)227540, ts=(guint64)4661406461;
0:00:04.687130069   505   0x7f90000b70 TRACE             GST_TRACER :0:: latency, src-element-id=(string)0x55bbd19080, src-element=(string)libcamerasrc0, src=(string)src, sink-element-id=(string)0x55bbd3bd60, sink-element=(string)sink, sink=(string)sink, time=(guint64)25897036, ts=(guint64)4687075957;
0:00:04.691458828   505   0x7f90000dc0 TRACE             GST_TRACER :0:: latency, src-element-id=(string)0x55bbd19080, src-element=(string)libcamerasrc0, src=(string)src, sink-element-id=(string)0x55bbd6bc80, sink-element=(string)udpsink0, sink=(string)sink, time=(guint64)218247208, ts=(guint64)4691412124;
0:00:04.716975582   505   0x7f90001010 TRACE             GST_TRACER :0:: latency, src-element-id=(string)0x55bbd19080, src-element=(string)libcamerasrc0, src=(string)src, sink-element-id=(string)0x55bbd35510, sink-element=(string)fakesink0, sink=(string)sink, time=(guint64)188576, ts=(guint64)4716944266;
0:00:04.745704450   505   0x7f90000b70 TRACE             GST_TRACER :0:: latency, src-element-id=(string)0x55bbd19080, src-element=(string)libcamerasrc0, src=(string)src, sink-element-id=(string)0x55bbd3bd60, sink-element=(string)sink, sink=(string)sink, time=(guint64)28899278, ts=(guint64)4745654968;
0:00:04.755411982   505   0x7f90000dc0 TRACE             GST_TRACER :0:: latency, src-element-id=(string)0x55bbd19080, src-element=(string)libcamerasrc0, src=(string)src, sink-element-id=(string)0x55bbd6bc80, sink-element=(string)udpsink0, sink=(string)sink, time=(guint64)234179949, ts=(guint64)4755358111;
0:00:04.781258481   505   0x7f90001010 TRACE             GST_TRACER :0:: latency, src-element-id=(string)0x55bbd19080, src-element=(string)libcamerasrc0, src=(string)src, sink-element-id=(string)0x55bbd35510, sink-element=(string)fakesink0, sink=(string)sink, time=(guint64)4042108, ts=(guint64)4781208369;
0:00:04.798854077   505   0x7f90000dc0 TRACE             GST_TRACER :0:: latency, src-element-id=(string)0x55bbd19080, src-element=(string)libcamerasrc0, src=(string)src, sink-element-id=(string)0x55bbd6bc80, sink-element=(string)udpsink0, sink=(string)sink, time=(guint64)232923656, ts=(guint64)4798805502;
0:00:04.802471012   505   0x7f90000b70 TRACE             GST_TRACER :0:: latency, src-element-id=(string)0x55bbd19080, src-element=(string)libcamerasrc0, src=(string)src, sink-element-id=(string)0x55bbd3bd60, sink-element=(string)sink, sink=(string)sink, time=(guint64)25244047, ts=(guint64)4802410308;
0:00:04.830176960   505   0x7f90001010 TRACE             GST_TRACER :0:: latency, src-element-id=(string)0x55bbd19080, src-element=(string)libcamerasrc0, src=(string)src, sink-element-id=(string)0x55bbd35510, sink-element=(string)fakesink0, sink=(string)sink, time=(guint64)222337, ts=(guint64)4830134960;
0:00:04.845598010   505   0x7f90000dc0 TRACE             GST_TRACER :0:: latency, src-element-id=(string)0x55bbd19080, src-element=(string)libcamerasrc0, src=(string)src, sink-element-id=(string)0x55bbd6bc80, sink-element=(string)udpsink0, sink=(string)sink, time=(guint64)235248149, ts=(guint64)4845542065;
0:00:04.853603557   505   0x7f90000b70 TRACE             GST_TRACER :0:: latency, src-element-id=(string)0x55bbd19080, src-element=(string)libcamerasrc0, src=(string)src, sink-element-id=(string)0x55bbd3bd60, sink-element=(string)sink, sink=(string)sink, time=(guint64)23572136, ts=(guint64)4853484759;
0:00:04.869433056   505   0x7f90001010 TRACE             GST_TRACER :0:: latency, src-element-id=(string)0x55bbd19080, src-element=(string)libcamerasrc0, src=(string)src, sink-element-id=(string)0x55bbd35510, sink-element=(string)fakesink0, sink=(string)sink, time=(guint64)5977206, ts=(guint64)4869330740;
0:00:04.889871874   505   0x7f90000b70 TRACE             GST_TRACER :0:: latency, src-element-id=(string)0x55bbd19080, src-element=(string)libcamerasrc0, src=(string)src, sink-element-id=(string)0x55bbd3bd60, sink-element=(string)sink, sink=(string)sink, time=(guint64)26464951, ts=(guint64)4889818485;
0:00:04.892904191   505   0x7f90000dc0 TRACE             GST_TRACER :0:: latency, src-element-id=(string)0x55bbd19080, src-element=(string)libcamerasrc0, src=(string)src, sink-element-id=(string)0x55bbd6bc80, sink-element=(string)udpsink0, sink=(string)sink, time=(guint64)231683029, ts=(guint64)4892861950;
0:00:04.918037437   505   0x7f90001010 TRACE             GST_TRACER :0:: latency, src-element-id=(string)0x55bbd19080, src-element=(string)libcamerasrc0, src=(string)src, sink-element-id=(string)0x55bbd35510, sink-element=(string)fakesink0, sink=(string)sink, time=(guint64)204651, ts=(guint64)4918000955;
0:00:04.935411101   505   0x7f90000b70 TRACE             GST_TRACER :0:: latency, src-element-id=(string)0x55bbd19080, src-element=(string)libcamerasrc0, src=(string)src, sink-element-id=(string)0x55bbd3bd60, sink-element=(string)sink, sink=(string)sink, time=(guint64)17563426, ts=(guint64)4935359730;
0:00:04.943739095   505   0x7f90000dc0 TRACE             GST_TRACER :0:: latency, src-element-id=(string)0x55bbd19080, src-element=(string)libcamerasrc0, src=(string)src, sink-element-id=(string)0x55bbd6bc80, sink-element=(string)udpsink0, sink=(string)sink, time=(guint64)226930682, ts=(guint64)4943686372;
0:00:04.975496479   505   0x7f90001010 TRACE             GST_TRACER :0:: latency, src-element-id=(string)0x55bbd19080, src-element=(string)libcamerasrc0, src=(string)src, sink-element-id=(string)0x55bbd35510, sink-element=(string)fakesink0, sink=(string)sink, time=(guint64)217262, ts=(guint64)4975460497;
0:00:04.992535806   505   0x7f90000dc0 TRACE             GST_TRACER :0:: latency, src-element-id=(string)0x55bbd19080, src-element=(string)libcamerasrc0, src=(string)src, sink-element-id=(string)0x55bbd6bc80, sink-element=(string)udpsink0, sink=(string)sink, time=(guint64)215316377, ts=(guint64)4992482638;
0:00:04.995652790   505   0x7f90000b70 TRACE             GST_TRACER :0:: latency, src-element-id=(string)0x55bbd19080, src-element=(string)libcamerasrc0, src=(string)src, sink-element-id=(string)0x55bbd3bd60, sink-element=(string)sink, sink=(string)sink, time=(guint64)20365887, ts=(guint64)4995609122;
0:00:05.025984081   505   0x7f90001010 TRACE             GST_TRACER :0:: latency, src-element-id=(string)0x55bbd19080, src-element=(string)libcamerasrc0, src=(string)src, sink-element-id=(string)0x55bbd35510, sink-element=(string)fakesink0, sink=(string)sink, time=(guint64)186058, ts=(guint64)5025949914;
0:00:05.050586022   505   0x7f90000b70 TRACE             GST_TRACER :0:: latency, src-element-id=(string)0x55bbd19080, src-element=(string)libcamerasrc0, src=(string)src, sink-element-id=(string)0x55bbd3bd60, sink-element=(string)sink, sink=(string)sink, time=(guint64)24777351, ts=(guint64)5050541207;
0:00:05.067601941   505   0x7f90000dc0 TRACE             GST_TRACER :0:: latency, src-element-id=(string)0x55bbd19080, src-element=(string)libcamerasrc0, src=(string)src, sink-element-id=(string)0x55bbd6bc80, sink-element=(string)udpsink0, sink=(string)sink, time=(guint64)237639910, ts=(guint64)5067552533;
0:00:05.087561861   505   0x7f90001010 TRACE             GST_TRACER :0:: latency, src-element-id=(string)0x55bbd19080, src-element=(string)libcamerasrc0, src=(string)src, sink-element-id=(string)0x55bbd35510, sink-element=(string)fakesink0, sink=(string)sink, time=(guint64)181631, ts=(guint64)5087530397;
0:00:05.123484168   505   0x7f90000b70 TRACE             GST_TRACER :0:: latency, src-element-id=(string)0x55bbd19080, src-element=(string)libcamerasrc0, src=(string)src, sink-element-id=(string)0x55bbd3bd60, sink-element=(string)sink, sink=(string)sink, time=(guint64)36083512, ts=(guint64)5123432278;
0:00:05.137780626   505   0x7f90000dc0 TRACE             GST_TRACER :0:: latency, src-element-id=(string)0x55bbd19080, src-element=(string)libcamerasrc0, src=(string)src, sink-element-id=(string)0x55bbd6bc80, sink-element=(string)udpsink0, sink=(string)sink, time=(guint64)274388184, ts=(guint64)5137741718;
0:00:05.170167296   505   0x7f90001010 TRACE             GST_TRACER :0:: latency, src-element-id=(string)0x55bbd19080, src-element=(string)libcamerasrc0, src=(string)src, sink-element-id=(string)0x55bbd35510, sink-element=(string)fakesink0, sink=(string)sink, time=(guint64)219910, ts=(guint64)5170125499;
0:00:05.189897583   505   0x7f90000dc0 TRACE             GST_TRACER :0:: latency, src-element-id=(string)0x55bbd19080, src-element=(string)libcamerasrc0, src=(string)src, sink-element-id=(string)0x55bbd6bc80, sink-element=(string)udpsink0, sink=(string)sink, time=(guint64)272042167, ts=(guint64)5189838471;
0:00:05.196332201   505   0x7f90000b70 TRACE             GST_TRACER :0:: latency, src-element-id=(string)0x55bbd19080, src-element=(string)libcamerasrc0, src=(string)src, sink-element-id=(string)0x55bbd3bd60, sink-element=(string)sink, sink=(string)sink, time=(guint64)26365482, ts=(guint64)5196271071;
0:00:05.214174260   505   0x7f90001010 TRACE             GST_TRACER :0:: latency, src-element-id=(string)0x55bbd19080, src-element=(string)libcamerasrc0, src=(string)src, sink-element-id=(string)0x55bbd35510, sink-element=(string)fakesink0, sink=(string)sink, time=(guint64)220540, ts=(guint64)5214131204;
0:00:05.235869683   505   0x7f90000dc0 TRACE             GST_TRACER :0:: latency, src-element-id=(string)0x55bbd19080, src-element=(string)libcamerasrc0, src=(string)src, sink-element-id=(string)0x55bbd6bc80, sink-element=(string)udpsink0, sink=(string)sink, time=(guint64)260572836, ts=(guint64)5235816071;
0:00:05.243255962   505   0x7f90000b70 TRACE             GST_TRACER :0:: latency, src-element-id=(string)0x55bbd19080, src-element=(string)libcamerasrc0, src=(string)src, sink-element-id=(string)0x55bbd3bd60, sink-element=(string)sink, sink=(string)sink, time=(guint64)29284556, ts=(guint64)5243195220;
Frames recibidos: 90
0:00:05.261247412   505   0x7f90001010 TRACE             GST_TRACER :0:: latency, src-element-id=(string)0x55bbd19080, src-element=(string)libcamerasrc0, src=(string)src, sink-element-id=(string)0x55bbd35510, sink-element=(string)fakesink0, sink=(string)sink, time=(guint64)3088965, ts=(guint64)5261200374;
0:00:05.281801857   505   0x7f90000dc0 TRACE             GST_TRACER :0:: latency, src-element-id=(string)0x55bbd19080, src-element=(string)libcamerasrc0, src=(string)src, sink-element-id=(string)0x55bbd6bc80, sink-element=(string)udpsink0, sink=(string)sink, time=(guint64)255988093, ts=(guint64)5281751949;
0:00:05.283967477   505   0x7f90000b70 TRACE             GST_TRACER :0:: latency, src-element-id=(string)0x55bbd19080, src-element=(string)libcamerasrc0, src=(string)src, sink-element-id=(string)0x55bbd3bd60, sink-element=(string)sink, sink=(string)sink, time=(guint64)25744048, ts=(guint64)5283855457;
0:00:05.305783531   505   0x7f90001010 TRACE             GST_TRACER :0:: latency, src-element-id=(string)0x55bbd19080, src-element=(string)libcamerasrc0, src=(string)src, sink-element-id=(string)0x55bbd35510, sink-element=(string)fakesink0, sink=(string)sink, time=(guint64)219133, ts=(guint64)5305740883;
0:00:05.322991879   505   0x7f90000b70 TRACE             GST_TRACER :0:: latency, src-element-id=(string)0x55bbd19080, src-element=(string)libcamerasrc0, src=(string)src, sink-element-id=(string)0x55bbd3bd60, sink-element=(string)sink, sink=(string)sink, time=(guint64)17420628, ts=(guint64)5322942378;
0:00:05.336280066   505   0x7f90000dc0 TRACE             GST_TRACER :0:: latency, src-element-id=(string)0x55bbd19080, src-element=(string)libcamerasrc0, src=(string)src, sink-element-id=(string)0x55bbd6bc80, sink-element=(string)udpsink0, sink=(string)sink, time=(guint64)248875373, ts=(guint64)5336224139;
0:00:05.361239548   505   0x7f90001010 TRACE             GST_TRACER :0:: latency, src-element-id=(string)0x55bbd19080, src-element=(string)libcamerasrc0, src=(string)src, sink-element-id=(string)0x55bbd35510, sink-element=(string)fakesink0, sink=(string)sink, time=(guint64)3541526, ts=(guint64)5361185899;
0:00:05.376330832   505   0x7f90000b70 TRACE             GST_TRACER :0:: latency, src-element-id=(string)0x55bbd19080, src-element=(string)libcamerasrc0, src=(string)src, sink-element-id=(string)0x55bbd3bd60, sink-element=(string)sink, sink=(string)sink, time=(guint64)18633977, ts=(guint64)5376278350;
0:00:05.385448707   505   0x7f90000dc0 TRACE             GST_TRACER :0:: latency, src-element-id=(string)0x55bbd19080, src-element=(string)libcamerasrc0, src=(string)src, sink-element-id=(string)0x55bbd6bc80, sink-element=(string)udpsink0, sink=(string)sink, time=(guint64)215472839, ts=(guint64)5385378428;
0:00:05.406673105   505   0x7f90001010 TRACE             GST_TRACER :0:: latency, src-element-id=(string)0x55bbd19080, src-element=(string)libcamerasrc0, src=(string)src, sink-element-id=(string)0x55bbd35510, sink-element=(string)fakesink0, sink=(string)sink, time=(guint64)188187, ts=(guint64)5406640419;
0:00:05.424023640   505   0x7f90000b70 TRACE             GST_TRACER :0:: latency, src-element-id=(string)0x55bbd19080, src-element=(string)libcamerasrc0, src=(string)src, sink-element-id=(string)0x55bbd3bd60, sink-element=(string)sink, sink=(string)sink, time=(guint64)17525740, ts=(guint64)5423977972;
0:00:05.451274262   505   0x7f90000dc0 TRACE             GST_TRACER :0:: latency, src-element-id=(string)0x55bbd19080, src-element=(string)libcamerasrc0, src=(string)src, sink-element-id=(string)0x55bbd6bc80, sink-element=(string)udpsink0, sink=(string)sink, time=(guint64)237317079, ts=(guint64)5451227743;
0:00:05.472163805   505   0x7f90001010 TRACE             GST_TRACER :0:: latency, src-element-id=(string)0x55bbd19080, src-element=(string)libcamerasrc0, src=(string)src, sink-element-id=(string)0x55bbd35510, sink-element=(string)fakesink0, sink=(string)sink, time=(guint64)232151, ts=(guint64)5472130082;
0:00:05.500917076   505   0x7f90000b70 TRACE             GST_TRACER :0:: latency, src-element-id=(string)0x55bbd19080, src-element=(string)libcamerasrc0, src=(string)src, sink-element-id=(string)0x55bbd3bd60, sink-element=(string)sink, sink=(string)sink, time=(guint64)28975441, ts=(guint64)5500873372;
0:00:05.515437779   505   0x7f90000dc0 TRACE             GST_TRACER :0:: latency, src-element-id=(string)0x55bbd19080, src-element=(string)libcamerasrc0, src=(string)src, sink-element-id=(string)0x55bbd6bc80, sink-element=(string)udpsink0, sink=(string)sink, time=(guint64)252815683, ts=(guint64)5510927092;
0:00:05.536627769   505   0x7f90001010 TRACE             GST_TRACER :0:: latency, src-element-id=(string)0x55bbd19080, src-element=(string)libcamerasrc0, src=(string)src, sink-element-id=(string)0x55bbd35510, sink-element=(string)fakesink0, sink=(string)sink, time=(guint64)194299, ts=(guint64)5536592861;
0:00:05.567071062   505   0x7f90000b70 TRACE             GST_TRACER :0:: latency, src-element-id=(string)0x55bbd19080, src-element=(string)libcamerasrc0, src=(string)src, sink-element-id=(string)0x55bbd3bd60, sink-element=(string)sink, sink=(string)sink, time=(guint64)30597499, ts=(guint64)5566996061;
0:00:05.576086732   505   0x7f90000dc0 TRACE             GST_TRACER :0:: latency, src-element-id=(string)0x55bbd19080, src-element=(string)libcamerasrc0, src=(string)src, sink-element-id=(string)0x55bbd6bc80, sink-element=(string)udpsink0, sink=(string)sink, time=(guint64)270477758, ts=(guint64)5575999508;
0:00:05.595658165   505   0x7f90001010 TRACE             GST_TRACER :0:: latency, src-element-id=(string)0x55bbd19080, src-element=(string)libcamerasrc0, src=(string)src, sink-element-id=(string)0x55bbd35510, sink-element=(string)fakesink0, sink=(string)sink, time=(guint64)214725, ts=(guint64)5595617831;
0:00:05.624313176   505   0x7f90000dc0 TRACE             GST_TRACER :0:: latency, src-element-id=(string)0x55bbd19080, src-element=(string)libcamerasrc0, src=(string)src, sink-element-id=(string)0x55bbd6bc80, sink-element=(string)udpsink0, sink=(string)sink, time=(guint64)266607987, ts=(guint64)5624252360;
0:00:05.629642169   505   0x7f90000b70 TRACE             GST_TRACER :0:: latency, src-element-id=(string)0x55bbd19080, src-element=(string)libcamerasrc0, src=(string)src, sink-element-id=(string)0x55bbd3bd60, sink-element=(string)sink, sink=(string)sink, time=(guint64)34176877, ts=(guint64)5629579983;
0:00:05.649212843   505   0x7f90001010 TRACE             GST_TRACER :0:: latency, src-element-id=(string)0x55bbd19080, src-element=(string)libcamerasrc0, src=(string)src, sink-element-id=(string)0x55bbd35510, sink-element=(string)fakesink0, sink=(string)sink, time=(guint64)5562904, ts=(guint64)5649156416;
0:00:05.672693325   505   0x7f90000dc0 TRACE             GST_TRACER :0:: latency, src-element-id=(string)0x55bbd19080, src-element=(string)libcamerasrc0, src=(string)src, sink-element-id=(string)0x55bbd6bc80, sink-element=(string)udpsink0, sink=(string)sink, time=(guint64)266176018, ts=(guint64)5672628250;
0:00:05.676855248   505   0x7f90000b70 TRACE             GST_TRACER :0:: latency, src-element-id=(string)0x55bbd19080, src-element=(string)libcamerasrc0, src=(string)src, sink-element-id=(string)0x55bbd3bd60, sink-element=(string)sink, sink=(string)sink, time=(guint64)33200736, ts=(guint64)5676794248;
0:00:05.702953764   505   0x7f90001010 TRACE             GST_TRACER :0:: latency, src-element-id=(string)0x55bbd19080, src-element=(string)libcamerasrc0, src=(string)src, sink-element-id=(string)0x55bbd35510, sink-element=(string)fakesink0, sink=(string)sink, time=(guint64)275115, ts=(guint64)5702894393;
0:00:05.722744755   505   0x7f90000dc0 TRACE             GST_TRACER :0:: latency, src-element-id=(string)0x55bbd19080, src-element=(string)libcamerasrc0, src=(string)src, sink-element-id=(string)0x55bbd6bc80, sink-element=(string)udpsink0, sink=(string)sink, time=(guint64)250795972, ts=(guint64)5722693903;
0:00:05.725618532   505   0x7f90000b70 TRACE             GST_TRACER :0:: latency, src-element-id=(string)0x55bbd19080, src-element=(string)libcamerasrc0, src=(string)src, sink-element-id=(string)0x55bbd3bd60, sink-element=(string)sink, sink=(string)sink, time=(guint64)22943772, ts=(guint64)5725563050;
0:00:05.757463399   505   0x7f90001010 TRACE             GST_TRACER :0:: latency, src-element-id=(string)0x55bbd19080, src-element=(string)libcamerasrc0, src=(string)src, sink-element-id=(string)0x55bbd35510, sink-element=(string)fakesink0, sink=(string)sink, time=(guint64)230114, ts=(guint64)5757425305;
0:00:05.770814031   505   0x7f90000dc0 TRACE             GST_TRACER :0:: latency, src-element-id=(string)0x55bbd19080, src-element=(string)libcamerasrc0, src=(string)src, sink-element-id=(string)0x55bbd6bc80, sink-element=(string)udpsink0, sink=(string)sink, time=(guint64)234343764, ts=(guint64)5770742326;
0:00:05.775702389   505   0x7f90000b70 TRACE             GST_TRACER :0:: latency, src-element-id=(string)0x55bbd19080, src-element=(string)libcamerasrc0, src=(string)src, sink-element-id=(string)0x55bbd3bd60, sink-element=(string)sink, sink=(string)sink, time=(guint64)18436382, ts=(guint64)5775631573;
0:00:05.802079001   505   0x7f90001010 TRACE             GST_TRACER :0:: latency, src-element-id=(string)0x55bbd19080, src-element=(string)libcamerasrc0, src=(string)src, sink-element-id=(string)0x55bbd35510, sink-element=(string)fakesink0, sink=(string)sink, time=(guint64)188984, ts=(guint64)5802044185;
0:00:05.818625821   505   0x7f90000dc0 TRACE             GST_TRACER :0:: latency, src-element-id=(string)0x55bbd19080, src-element=(string)libcamerasrc0, src=(string)src, sink-element-id=(string)0x55bbd6bc80, sink-element=(string)udpsink0, sink=(string)sink, time=(guint64)221623176, ts=(guint64)5817026282;
0:00:05.822777837   505   0x7f90000b70 TRACE             GST_TRACER :0:: latency, src-element-id=(string)0x55bbd19080, src-element=(string)libcamerasrc0, src=(string)src, sink-element-id=(string)0x55bbd3bd60, sink-element=(string)sink, sink=(string)sink, time=(guint64)20850413, ts=(guint64)5822705614;
0:00:05.842122285   505   0x7f90001010 TRACE             GST_TRACER :0:: latency, src-element-id=(string)0x55bbd19080, src-element=(string)libcamerasrc0, src=(string)src, sink-element-id=(string)0x55bbd35510, sink-element=(string)fakesink0, sink=(string)sink, time=(guint64)245633, ts=(guint64)5842076007;
0:00:05.883008303   505   0x7f90000dc0 TRACE             GST_TRACER :0:: latency, src-element-id=(string)0x55bbd19080, src-element=(string)libcamerasrc0, src=(string)src, sink-element-id=(string)0x55bbd6bc80, sink-element=(string)udpsink0, sink=(string)sink, time=(guint64)239366920, ts=(guint64)5882960432;
0:00:05.889444533   505   0x7f90000b70 TRACE             GST_TRACER :0:: latency, src-element-id=(string)0x55bbd19080, src-element=(string)libcamerasrc0, src=(string)src, sink-element-id=(string)0x55bbd3bd60, sink-element=(string)sink, sink=(string)sink, time=(guint64)47545380, ts=(guint64)5889375754;
0:00:05.904400314   505   0x7f90001010 TRACE             GST_TRACER :0:: latency, src-element-id=(string)0x55bbd19080, src-element=(string)libcamerasrc0, src=(string)src, sink-element-id=(string)0x55bbd35510, sink-element=(string)fakesink0, sink=(string)sink, time=(guint64)188576, ts=(guint64)5904368017;
0:00:05.951035989   505   0x7f90000b70 TRACE             GST_TRACER :0:: latency, src-element-id=(string)0x55bbd19080, src-element=(string)libcamerasrc0, src=(string)src, sink-element-id=(string)0x55bbd3bd60, sink-element=(string)sink, sink=(string)sink, time=(guint64)46792566, ts=(guint64)5950972007;
0:00:05.953959322   505   0x7f90000dc0 TRACE             GST_TRACER :0:: latency, src-element-id=(string)0x55bbd19080, src-element=(string)libcamerasrc0, src=(string)src, sink-element-id=(string)0x55bbd6bc80, sink-element=(string)udpsink0, sink=(string)sink, time=(guint64)251261432, ts=(guint64)5953880710;
0:00:05.975071790   505   0x7f90001010 TRACE             GST_TRACER :0:: latency, src-element-id=(string)0x55bbd19080, src-element=(string)libcamerasrc0, src=(string)src, sink-element-id=(string)0x55bbd35510, sink-element=(string)fakesink0, sink=(string)sink, time=(guint64)180188, ts=(guint64)5975041456;
0:00:06.012647963   505   0x7f90000dc0 TRACE             GST_TRACER :0:: latency, src-element-id=(string)0x55bbd19080, src-element=(string)libcamerasrc0, src=(string)src, sink-element-id=(string)0x55bbd6bc80, sink-element=(string)udpsink0, sink=(string)sink, time=(guint64)255388530, ts=(guint64)6012583721;
0:00:06.013491177   505   0x7f90000b70 TRACE             GST_TRACER :0:: latency, src-element-id=(string)0x55bbd19080, src-element=(string)libcamerasrc0, src=(string)src, sink-element-id=(string)0x55bbd3bd60, sink-element=(string)sink, sink=(string)sink, time=(guint64)38578519, ts=(guint64)6013439787;
0:00:06.044391137   505   0x7f90001010 TRACE             GST_TRACER :0:: latency, src-element-id=(string)0x55bbd19080, src-element=(string)libcamerasrc0, src=(string)src, sink-element-id=(string)0x55bbd35510, sink-element=(string)fakesink0, sink=(string)sink, time=(guint64)3150447, ts=(guint64)6044328303;
0:00:06.059585012   505   0x7f90000dc0 TRACE             GST_TRACER :0:: latency, src-element-id=(string)0x55bbd19080, src-element=(string)libcamerasrc0, src=(string)src, sink-element-id=(string)0x55bbd6bc80, sink-element=(string)udpsink0, sink=(string)sink, time=(guint64)257671644, ts=(guint64)6059526845;
0:00:06.066942715   505   0x7f90000b70 TRACE             GST_TRACER :0:: latency, src-element-id=(string)0x55bbd19080, src-element=(string)libcamerasrc0, src=(string)src, sink-element-id=(string)0x55bbd3bd60, sink-element=(string)sink, sink=(string)sink, time=(guint64)25706303, ts=(guint64)6066884159;
0:00:06.081281709   505   0x7f90001010 TRACE             GST_TRACER :0:: latency, src-element-id=(string)0x55bbd19080, src-element=(string)libcamerasrc0, src=(string)src, sink-element-id=(string)0x55bbd35510, sink-element=(string)fakesink0, sink=(string)sink, time=(guint64)3796659, ts=(guint64)6081229616;
0:00:06.108108026   505   0x7f90000dc0 TRACE             GST_TRACER :0:: latency, src-element-id=(string)0x55bbd19080, src-element=(string)libcamerasrc0, src=(string)src, sink-element-id=(string)0x55bbd6bc80, sink-element=(string)udpsink0, sink=(string)sink, time=(guint64)266224206, ts=(guint64)6108054580;
0:00:06.111324695   505   0x7f90000b70 TRACE             GST_TRACER :0:: latency, src-element-id=(string)0x55bbd19080, src-element=(string)libcamerasrc0, src=(string)src, sink-element-id=(string)0x55bbd3bd60, sink-element=(string)sink, sink=(string)sink, time=(guint64)33831738, ts=(guint64)6111264695;
0:00:06.133548714   505   0x7f90001010 TRACE             GST_TRACER :0:: latency, src-element-id=(string)0x55bbd19080, src-element=(string)libcamerasrc0, src=(string)src, sink-element-id=(string)0x55bbd35510, sink-element=(string)fakesink0, sink=(string)sink, time=(guint64)277356, ts=(guint64)6133510158;
0:00:06.153385850   505   0x7f90000dc0 TRACE             GST_TRACER :0:: latency, src-element-id=(string)0x55bbd19080, src-element=(string)libcamerasrc0, src=(string)src, sink-element-id=(string)0x55bbd6bc80, sink-element=(string)udpsink0, sink=(string)sink, time=(guint64)249146501, ts=(guint64)6153325942;
0:00:06.160865092   505   0x7f90000b70 TRACE             GST_TRACER :0:: latency, src-element-id=(string)0x55bbd19080, src-element=(string)libcamerasrc0, src=(string)src, sink-element-id=(string)0x55bbd3bd60, sink-element=(string)sink, sink=(string)sink, time=(guint64)27514492, ts=(guint64)6160747294;
0:00:06.177734784   505   0x7f90001010 TRACE             GST_TRACER :0:: latency, src-element-id=(string)0x55bbd19080, src-element=(string)libcamerasrc0, src=(string)src, sink-element-id=(string)0x55bbd35510, sink-element=(string)fakesink0, sink=(string)sink, time=(guint64)241151, ts=(guint64)6177689321;
0:00:06.200665071   505   0x7f90000dc0 TRACE             GST_TRACER :0:: latency, src-element-id=(string)0x55bbd19080, src-element=(string)libcamerasrc0, src=(string)src, sink-element-id=(string)0x55bbd6bc80, sink-element=(string)udpsink0, sink=(string)sink, time=(guint64)225738209, ts=(guint64)6200599477;
0:00:06.203153231   505   0x7f90000b70 TRACE             GST_TRACER :0:: latency, src-element-id=(string)0x55bbd19080, src-element=(string)libcamerasrc0, src=(string)src, sink-element-id=(string)0x55bbd3bd60, sink-element=(string)sink, sink=(string)sink, time=(guint64)25643283, ts=(guint64)6203091453;
0:00:06.232139760   505   0x7f90001010 TRACE             GST_TRACER :0:: latency, src-element-id=(string)0x55bbd19080, src-element=(string)libcamerasrc0, src=(string)src, sink-element-id=(string)0x55bbd35510, sink-element=(string)fakesink0, sink=(string)sink, time=(guint64)2903148, ts=(guint64)6232096149;
0:00:06.255563053   505   0x7f90000dc0 TRACE             GST_TRACER :0:: latency, src-element-id=(string)0x55bbd19080, src-element=(string)libcamerasrc0, src=(string)src, sink-element-id=(string)0x55bbd6bc80, sink-element=(string)udpsink0, sink=(string)sink, time=(guint64)214340752, ts=(guint64)6255518608;
0:00:06.260536171   505   0x7f90000b70 TRACE             GST_TRACER :0:: latency, src-element-id=(string)0x55bbd19080, src-element=(string)libcamerasrc0, src=(string)src, sink-element-id=(string)0x55bbd3bd60, sink-element=(string)sink, sink=(string)sink, time=(guint64)31288169, ts=(guint64)6260481170;
0:00:06.281424098   505   0x7f90001010 TRACE             GST_TRACER :0:: latency, src-element-id=(string)0x55bbd19080, src-element=(string)libcamerasrc0, src=(string)src, sink-element-id=(string)0x55bbd35510, sink-element=(string)fakesink0, sink=(string)sink, time=(guint64)229540, ts=(guint64)6281390672;
0:00:06.324169817   505   0x7f90000dc0 TRACE             GST_TRACER :0:: latency, src-element-id=(string)0x55bbd19080, src-element=(string)libcamerasrc0, src=(string)src, sink-element-id=(string)0x55bbd6bc80, sink-element=(string)udpsink0, sink=(string)sink, time=(guint64)245119562, ts=(guint64)6322552519;
0:00:06.325474760   505   0x7f90000b70 TRACE             GST_TRACER :0:: latency, src-element-id=(string)0x55bbd19080, src-element=(string)libcamerasrc0, src=(string)src, sink-element-id=(string)0x55bbd3bd60, sink-element=(string)sink, sink=(string)sink, time=(guint64)44251368, ts=(guint64)6325412500;
0:00:06.343629653   505   0x7f90001010 TRACE             GST_TRACER :0:: latency, src-element-id=(string)0x55bbd19080, src-element=(string)libcamerasrc0, src=(string)src, sink-element-id=(string)0x55bbd35510, sink-element=(string)fakesink0, sink=(string)sink, time=(guint64)191761, ts=(guint64)6343593467;
0:00:06.364719639   505   0x7f90000b70 TRACE             GST_TRACER :0:: latency, src-element-id=(string)0x55bbd19080, src-element=(string)libcamerasrc0, src=(string)src, sink-element-id=(string)0x55bbd3bd60, sink-element=(string)sink, sink=(string)sink, time=(guint64)21271988, ts=(guint64)6364673694;
0:00:06.386301279   505   0x7f90000dc0 TRACE             GST_TRACER :0:: latency, src-element-id=(string)0x55bbd19080, src-element=(string)libcamerasrc0, src=(string)src, sink-element-id=(string)0x55bbd6bc80, sink-element=(string)udpsink0, sink=(string)sink, time=(guint64)252997420, ts=(guint64)6386230222;
0:00:06.409196509   505   0x7f90001010 TRACE             GST_TRACER :0:: latency, src-element-id=(string)0x55bbd19080, src-element=(string)libcamerasrc0, src=(string)src, sink-element-id=(string)0x55bbd35510, sink-element=(string)fakesink0, sink=(string)sink, time=(guint64)1724188, ts=(guint64)6409144675;
0:00:06.431894367   505   0x7f90000b70 TRACE             GST_TRACER :0:: latency, src-element-id=(string)0x55bbd19080, src-element=(string)libcamerasrc0, src=(string)src, sink-element-id=(string)0x55bbd3bd60, sink-element=(string)sink, sink=(string)sink, time=(guint64)24428046, ts=(guint64)6431848533;
0:00:06.451608113   505   0x7f90000dc0 TRACE             GST_TRACER :0:: latency, src-element-id=(string)0x55bbd19080, src-element=(string)libcamerasrc0, src=(string)src, sink-element-id=(string)0x55bbd6bc80, sink-element=(string)udpsink0, sink=(string)sink, time=(guint64)274105054, ts=(guint64)6451553224;
0:00:06.471297452   505   0x7f90001010 TRACE             GST_TRACER :0:: latency, src-element-id=(string)0x55bbd19080, src-element=(string)libcamerasrc0, src=(string)src, sink-element-id=(string)0x55bbd35510, sink-element=(string)fakesink0, sink=(string)sink, time=(guint64)777880, ts=(guint64)6471249673;
0:00:06.488122366   505   0x7f90000b70 TRACE             GST_TRACER :0:: latency, src-element-id=(string)0x55bbd19080, src-element=(string)libcamerasrc0, src=(string)src, sink-element-id=(string)0x55bbd3bd60, sink-element=(string)sink, sink=(string)sink, time=(guint64)17597609, ts=(guint64)6488069402;
0:00:06.508952218   505   0x7f90000dc0 TRACE             GST_TRACER :0:: latency, src-element-id=(string)0x55bbd19080, src-element=(string)libcamerasrc0, src=(string)src, sink-element-id=(string)0x55bbd6bc80, sink-element=(string)udpsink0, sink=(string)sink, time=(guint64)279693661, ts=(guint64)6508886662;
0:00:06.538537514   505   0x7f90001010 TRACE             GST_TRACER :0:: latency, src-element-id=(string)0x55bbd19080, src-element=(string)libcamerasrc0, src=(string)src, sink-element-id=(string)0x55bbd35510, sink-element=(string)fakesink0, sink=(string)sink, time=(guint64)1308942, ts=(guint64)6538481124;
0:00:06.554103838   505   0x7f90000dc0 TRACE             GST_TRACER :0:: latency, src-element-id=(string)0x55bbd19080, src-element=(string)libcamerasrc0, src=(string)src, sink-element-id=(string)0x55bbd6bc80, sink-element=(string)udpsink0, sink=(string)sink, time=(guint64)272884483, ts=(guint64)6554045615;
0:00:06.571472740   505   0x7f90000b70 TRACE             GST_TRACER :0:: latency, src-element-id=(string)0x55bbd19080, src-element=(string)libcamerasrc0, src=(string)src, sink-element-id=(string)0x55bbd3bd60, sink-element=(string)sink, sink=(string)sink, time=(guint64)34247169, ts=(guint64)6571419351;
0:00:06.578948389   505   0x7f90001010 TRACE             GST_TRACER :0:: latency, src-element-id=(string)0x55bbd19080, src-element=(string)libcamerasrc0, src=(string)src, sink-element-id=(string)0x55bbd35510, sink-element=(string)fakesink0, sink=(string)sink, time=(guint64)189151, ts=(guint64)6578909296;
0:00:06.608010382   505   0x7f90000dc0 TRACE             GST_TRACER :0:: latency, src-element-id=(string)0x55bbd19080, src-element=(string)libcamerasrc0, src=(string)src, sink-element-id=(string)0x55bbd6bc80, sink-element=(string)udpsink0, sink=(string)sink, time=(guint64)264551268, ts=(guint64)6607952974;
0:00:06.609211915   505   0x7f90000b70 TRACE             GST_TRACER :0:: latency, src-element-id=(string)0x55bbd19080, src-element=(string)libcamerasrc0, src=(string)src, sink-element-id=(string)0x55bbd3bd60, sink-element=(string)sink, sink=(string)sink, time=(guint64)30431103, ts=(guint64)6609151248;
0:00:06.637451657   505   0x7f90001010 TRACE             GST_TRACER :0:: latency, src-element-id=(string)0x55bbd19080, src-element=(string)libcamerasrc0, src=(string)src, sink-element-id=(string)0x55bbd35510, sink-element=(string)fakesink0, sink=(string)sink, time=(guint64)221002, ts=(guint64)6637406693;
0:00:06.656628174   505   0x7f90000dc0 TRACE             GST_TRACER :0:: latency, src-element-id=(string)0x55bbd19080, src-element=(string)libcamerasrc0, src=(string)src, sink-element-id=(string)0x55bbd6bc80, sink-element=(string)udpsink0, sink=(string)sink, time=(guint64)249148372, ts=(guint64)6656568859;
0:00:06.659127150   505   0x7f90000b70 TRACE             GST_TRACER :0:: latency, src-element-id=(string)0x55bbd19080, src-element=(string)libcamerasrc0, src=(string)src, sink-element-id=(string)0x55bbd3bd60, sink-element=(string)sink, sink=(string)sink, time=(guint64)21886792, ts=(guint64)6659072483;
0:00:06.681442632   505   0x7f90001010 TRACE             GST_TRACER :0:: latency, src-element-id=(string)0x55bbd19080, src-element=(string)libcamerasrc0, src=(string)src, sink-element-id=(string)0x55bbd35510, sink-element=(string)fakesink0, sink=(string)sink, time=(guint64)215059, ts=(guint64)6681396336;
0:00:06.705561860   505   0x7f90000dc0 TRACE             GST_TRACER :0:: latency, src-element-id=(string)0x55bbd19080, src-element=(string)libcamerasrc0, src=(string)src, sink-element-id=(string)0x55bbd6bc80, sink-element=(string)udpsink0, sink=(string)sink, time=(guint64)235038492, ts=(guint64)6705510285;
0:00:06.719706611   505   0x7f90000b70 TRACE             GST_TRACER :0:: latency, src-element-id=(string)0x55bbd19080, src-element=(string)libcamerasrc0, src=(string)src, sink-element-id=(string)0x55bbd3bd60, sink-element=(string)sink, sink=(string)sink, time=(guint64)38476870, ts=(guint64)6719658147;
0:00:06.724604690   505   0x7f90001010 TRACE             GST_TRACER :0:: latency, src-element-id=(string)0x55bbd19080, src-element=(string)libcamerasrc0, src=(string)src, sink-element-id=(string)0x55bbd35510, sink-element=(string)fakesink0, sink=(string)sink, time=(guint64)416931, ts=(guint64)6724552615;
0:00:06.757692678   505   0x7f90000b70 TRACE             GST_TRACER :0:: latency, src-element-id=(string)0x55bbd19080, src-element=(string)libcamerasrc0, src=(string)src, sink-element-id=(string)0x55bbd3bd60, sink-element=(string)sink, sink=(string)sink, time=(guint64)33511252, ts=(guint64)6757646936;
0:00:06.767536227   505   0x7f90000dc0 TRACE             GST_TRACER :0:: latency, src-element-id=(string)0x55bbd19080, src-element=(string)libcamerasrc0, src=(string)src, sink-element-id=(string)0x55bbd6bc80, sink-element=(string)udpsink0, sink=(string)sink, time=(guint64)230324340, ts=(guint64)6767496522;
0:00:06.789208182   505   0x7f90001010 TRACE             GST_TRACER :0:: latency, src-element-id=(string)0x55bbd19080, src-element=(string)libcamerasrc0, src=(string)src, sink-element-id=(string)0x55bbd35510, sink-element=(string)fakesink0, sink=(string)sink, time=(guint64)3264467, ts=(guint64)6789166071;
0:00:06.811569888   505   0x7f90000b70 TRACE             GST_TRACER :0:: latency, src-element-id=(string)0x55bbd19080, src-element=(string)libcamerasrc0, src=(string)src, sink-element-id=(string)0x55bbd3bd60, sink-element=(string)sink, sink=(string)sink, time=(guint64)25619320, ts=(guint64)6811520924;
0:00:06.833058915   505   0x7f90000dc0 TRACE             GST_TRACER :0:: latency, src-element-id=(string)0x55bbd19080, src-element=(string)libcamerasrc0, src=(string)src, sink-element-id=(string)0x55bbd6bc80, sink-element=(string)udpsink0, sink=(string)sink, time=(guint64)254263640, ts=(guint64)6832983785;
0:00:06.865200947   505   0x7f90001010 TRACE             GST_TRACER :0:: latency, src-element-id=(string)0x55bbd19080, src-element=(string)libcamerasrc0, src=(string)src, sink-element-id=(string)0x55bbd35510, sink-element=(string)fakesink0, sink=(string)sink, time=(guint64)4999563, ts=(guint64)6865143261;
0:00:06.889295007   505   0x7f90000dc0 TRACE             GST_TRACER :0:: latency, src-element-id=(string)0x55bbd19080, src-element=(string)libcamerasrc0, src=(string)src, sink-element-id=(string)0x55bbd6bc80, sink-element=(string)udpsink0, sink=(string)sink, time=(guint64)252053963, ts=(guint64)6889239654;
0:00:06.894688648   505   0x7f90000b70 TRACE             GST_TRACER :0:: latency, src-element-id=(string)0x55bbd19080, src-element=(string)libcamerasrc0, src=(string)src, sink-element-id=(string)0x55bbd3bd60, sink-element=(string)sink, sink=(string)sink, time=(guint64)34482264, ts=(guint64)6894625962;
Frames recibidos: 120
0:00:06.917865694   505   0x7f90001010 TRACE             GST_TRACER :0:: latency, src-element-id=(string)0x55bbd19080, src-element=(string)libcamerasrc0, src=(string)src, sink-element-id=(string)0x55bbd35510, sink-element=(string)fakesink0, sink=(string)sink, time=(guint64)186965, ts=(guint64)6917826175;
0:00:06.950500671   505   0x7f90000dc0 TRACE             GST_TRACER :0:: latency, src-element-id=(string)0x55bbd19080, src-element=(string)libcamerasrc0, src=(string)src, sink-element-id=(string)0x55bbd6bc80, sink-element=(string)udpsink0, sink=(string)sink, time=(guint64)269269967, ts=(guint64)6950451244;
0:00:06.956585412   505   0x7f90000b70 TRACE             GST_TRACER :0:: latency, src-element-id=(string)0x55bbd19080, src-element=(string)libcamerasrc0, src=(string)src, sink-element-id=(string)0x55bbd3bd60, sink-element=(string)sink, sink=(string)sink, time=(guint64)38892998, ts=(guint64)6956532208;
0:00:06.977143221   505   0x7f90001010 TRACE             GST_TRACER :0:: latency, src-element-id=(string)0x55bbd19080, src-element=(string)libcamerasrc0, src=(string)src, sink-element-id=(string)0x55bbd35510, sink-element=(string)fakesink0, sink=(string)sink, time=(guint64)2740033, ts=(guint64)6977073683;
0:00:07.015563954   505   0x7f90000dc0 TRACE             GST_TRACER :0:: latency, src-element-id=(string)0x55bbd19080, src-element=(string)libcamerasrc0, src=(string)src, sink-element-id=(string)0x55bbd6bc80, sink-element=(string)udpsink0, sink=(string)sink, time=(guint64)291368306, ts=(guint64)7015503990;
0:00:07.024499434   505   0x7f90000b70 TRACE             GST_TRACER :0:: latency, src-element-id=(string)0x55bbd19080, src-element=(string)libcamerasrc0, src=(string)src, sink-element-id=(string)0x55bbd3bd60, sink-element=(string)sink, sink=(string)sink, time=(guint64)50117599, ts=(guint64)7024451249;
0:00:07.046278277   505   0x7f90001010 TRACE             GST_TRACER :0:: latency, src-element-id=(string)0x55bbd19080, src-element=(string)libcamerasrc0, src=(string)src, sink-element-id=(string)0x55bbd35510, sink-element=(string)fakesink0, sink=(string)sink, time=(guint64)346559, ts=(guint64)7046233739;
0:00:07.069382284   505   0x7f90000dc0 TRACE             GST_TRACER :0:: latency, src-element-id=(string)0x55bbd19080, src-element=(string)libcamerasrc0, src=(string)src, sink-element-id=(string)0x55bbd6bc80, sink-element=(string)udpsink0, sink=(string)sink, time=(guint64)283418790, ts=(guint64)7069320394;
0:00:07.071297937   505   0x7f90000b70 TRACE             GST_TRACER :0:: latency, src-element-id=(string)0x55bbd19080, src-element=(string)libcamerasrc0, src=(string)src, sink-element-id=(string)0x55bbd3bd60, sink-element=(string)sink, sink=(string)sink, time=(guint64)25356608, ts=(guint64)7071243788;
0:00:07.097590595   505   0x7f90001010 TRACE             GST_TRACER :0:: latency, src-element-id=(string)0x55bbd19080, src-element=(string)libcamerasrc0, src=(string)src, sink-element-id=(string)0x55bbd35510, sink-element=(string)fakesink0, sink=(string)sink, time=(guint64)331356, ts=(guint64)7097546705;
0:00:07.118355017   505   0x7f90000dc0 TRACE             GST_TRACER :0:: latency, src-element-id=(string)0x55bbd19080, src-element=(string)libcamerasrc0, src=(string)src, sink-element-id=(string)0x55bbd6bc80, sink-element=(string)udpsink0, sink=(string)sink, time=(guint64)258156170, ts=(guint64)7118299868;
0:00:07.122416530   505   0x7f90000b70 TRACE             GST_TRACER :0:: latency, src-element-id=(string)0x55bbd19080, src-element=(string)libcamerasrc0, src=(string)src, sink-element-id=(string)0x55bbd3bd60, sink-element=(string)sink, sink=(string)sink, time=(guint64)25138273, ts=(guint64)7122353622;
0:00:07.145527926   505   0x7f90001010 TRACE             GST_TRACER :0:: latency, src-element-id=(string)0x55bbd19080, src-element=(string)libcamerasrc0, src=(string)src, sink-element-id=(string)0x55bbd35510, sink-element=(string)fakesink0, sink=(string)sink, time=(guint64)321838, ts=(guint64)7145490352;
0:00:07.168821750   505   0x7f90000b70 TRACE             GST_TRACER :0:: latency, src-element-id=(string)0x55bbd19080, src-element=(string)libcamerasrc0, src=(string)src, sink-element-id=(string)0x55bbd3bd60, sink-element=(string)sink, sink=(string)sink, time=(guint64)23586587, ts=(guint64)7168755101;
0:00:07.172873337   505   0x7f90000dc0 TRACE             GST_TRACER :0:: latency, src-element-id=(string)0x55bbd19080, src-element=(string)libcamerasrc0, src=(string)src, sink-element-id=(string)0x55bbd6bc80, sink-element=(string)udpsink0, sink=(string)sink, time=(guint64)255109422, ts=(guint64)7172748632;
0:00:07.186130075   505   0x7f90001010 TRACE             GST_TRACER :0:: latency, src-element-id=(string)0x55bbd19080, src-element=(string)libcamerasrc0, src=(string)src, sink-element-id=(string)0x55bbd35510, sink-element=(string)fakesink0, sink=(string)sink, time=(guint64)351301, ts=(guint64)7186088556;
0:00:07.219714396   505   0x7f90000b70 TRACE             GST_TRACER :0:: latency, src-element-id=(string)0x55bbd19080, src-element=(string)libcamerasrc0, src=(string)src, sink-element-id=(string)0x55bbd3bd60, sink-element=(string)sink, sink=(string)sink, time=(guint64)33930585, ts=(guint64)7219667840;
0:00:07.223958096   505   0x7f90000dc0 TRACE             GST_TRACER :0:: latency, src-element-id=(string)0x55bbd19080, src-element=(string)libcamerasrc0, src=(string)src, sink-element-id=(string)0x55bbd6bc80, sink-element=(string)udpsink0, sink=(string)sink, time=(guint64)249571020, ts=(guint64)7223904670;
0:00:07.242632160   505   0x7f90001010 TRACE             GST_TRACER :0:: latency, src-element-id=(string)0x55bbd19080, src-element=(string)libcamerasrc0, src=(string)src, sink-element-id=(string)0x55bbd35510, sink-element=(string)fakesink0, sink=(string)sink, time=(guint64)178298, ts=(guint64)7242601141;
0:00:07.286078899   505   0x7f90000b70 TRACE             GST_TRACER :0:: latency, src-element-id=(string)0x55bbd19080, src-element=(string)libcamerasrc0, src=(string)src, sink-element-id=(string)0x55bbd3bd60, sink-element=(string)sink, sink=(string)sink, time=(guint64)43587426, ts=(guint64)7286010269;
0:00:07.289016121   505   0x7f90000dc0 TRACE             GST_TRACER :0:: latency, src-element-id=(string)0x55bbd19080, src-element=(string)libcamerasrc0, src=(string)src, sink-element-id=(string)0x55bbd6bc80, sink-element=(string)udpsink0, sink=(string)sink, time=(guint64)243076625, ts=(guint64)7288963805;
0:00:07.313364495   505   0x7f90001010 TRACE             GST_TRACER :0:: latency, src-element-id=(string)0x55bbd19080, src-element=(string)libcamerasrc0, src=(string)src, sink-element-id=(string)0x55bbd35510, sink-element=(string)fakesink0, sink=(string)sink, time=(guint64)5821553, ts=(guint64)7313309846;
0:00:07.349148528   505   0x7f90000dc0 TRACE             GST_TRACER :0:: latency, src-element-id=(string)0x55bbd19080, src-element=(string)libcamerasrc0, src=(string)src, sink-element-id=(string)0x55bbd6bc80, sink-element=(string)udpsink0, sink=(string)sink, time=(guint64)251872456, ts=(guint64)7349087805;
0:00:07.356872438   505   0x7f90000b70 TRACE             GST_TRACER :0:: latency, src-element-id=(string)0x55bbd19080, src-element=(string)libcamerasrc0, src=(string)src, sink-element-id=(string)0x55bbd3bd60, sink-element=(string)sink, sink=(string)sink, time=(guint64)49339923, ts=(guint64)7356828216;
0:00:07.371227171   505   0x7f90001010 TRACE             GST_TRACER :0:: latency, src-element-id=(string)0x55bbd19080, src-element=(string)libcamerasrc0, src=(string)src, sink-element-id=(string)0x55bbd35510, sink-element=(string)fakesink0, sink=(string)sink, time=(guint64)188039, ts=(guint64)7371189726;
0:00:07.394834314   505   0x7f90000b70 TRACE             GST_TRACER :0:: latency, src-element-id=(string)0x55bbd19080, src-element=(string)libcamerasrc0, src=(string)src, sink-element-id=(string)0x55bbd3bd60, sink-element=(string)sink, sink=(string)sink, time=(guint64)23783182, ts=(guint64)7394784869;
0:00:07.405920691   505   0x7f90000dc0 TRACE             GST_TRACER :0:: latency, src-element-id=(string)0x55bbd19080, src-element=(string)libcamerasrc0, src=(string)src, sink-element-id=(string)0x55bbd6bc80, sink-element=(string)udpsink0, sink=(string)sink, time=(guint64)260682824, ts=(guint64)7405851338;
0:00:07.428289448   505   0x7f90001010 TRACE             GST_TRACER :0:: latency, src-element-id=(string)0x55bbd19080, src-element=(string)libcamerasrc0, src=(string)src, sink-element-id=(string)0x55bbd35510, sink-element=(string)fakesink0, sink=(string)sink, time=(guint64)185151, ts=(guint64)7428254485;
0:00:07.445682403   505   0x7f90000b70 TRACE             GST_TRACER :0:: latency, src-element-id=(string)0x55bbd19080, src-element=(string)libcamerasrc0, src=(string)src, sink-element-id=(string)0x55bbd3bd60, sink-element=(string)sink, sink=(string)sink, time=(guint64)17547587, ts=(guint64)7445616921;
0:00:07.461787880   505   0x7f90000dc0 TRACE             GST_TRACER :0:: latency, src-element-id=(string)0x55bbd19080, src-element=(string)libcamerasrc0, src=(string)src, sink-element-id=(string)0x55bbd6bc80, sink-element=(string)udpsink0, sink=(string)sink, time=(guint64)276004161, ts=(guint64)7461741416;
0:00:07.493269934   505   0x7f90001010 TRACE             GST_TRACER :0:: latency, src-element-id=(string)0x55bbd19080, src-element=(string)libcamerasrc0, src=(string)src, sink-element-id=(string)0x55bbd35510, sink-element=(string)fakesink0, sink=(string)sink, time=(guint64)4014623, ts=(guint64)7493201174;
0:00:07.507331126   505   0x7f90000b70 TRACE             GST_TRACER :0:: latency, src-element-id=(string)0x55bbd19080, src-element=(string)libcamerasrc0, src=(string)src, sink-element-id=(string)0x55bbd3bd60, sink-element=(string)sink, sink=(string)sink, time=(guint64)18096445, ts=(guint64)7507282996;
0:00:07.508124821   505   0x7f90000dc0 TRACE             GST_TRACER :0:: latency, src-element-id=(string)0x55bbd19080, src-element=(string)libcamerasrc0, src=(string)src, sink-element-id=(string)0x55bbd6bc80, sink-element=(string)udpsink0, sink=(string)sink, time=(guint64)265636755, ts=(guint64)7508059598;
0:00:07.530589839   505   0x7f90001010 TRACE             GST_TRACER :0:: latency, src-element-id=(string)0x55bbd19080, src-element=(string)libcamerasrc0, src=(string)src, sink-element-id=(string)0x55bbd35510, sink-element=(string)fakesink0, sink=(string)sink, time=(guint64)345264, ts=(guint64)7530545153;
0:00:07.557341483   505   0x7f90000b70 TRACE             GST_TRACER :0:: latency, src-element-id=(string)0x55bbd19080, src-element=(string)libcamerasrc0, src=(string)src, sink-element-id=(string)0x55bbd3bd60, sink-element=(string)sink, sink=(string)sink, time=(guint64)27091464, ts=(guint64)7557291353;
0:00:07.561990096   505   0x7f90000dc0 TRACE             GST_TRACER :0:: latency, src-element-id=(string)0x55bbd19080, src-element=(string)libcamerasrc0, src=(string)src, sink-element-id=(string)0x55bbd6bc80, sink-element=(string)udpsink0, sink=(string)sink, time=(guint64)254444913, ts=(guint64)7561933206;
0:00:07.597873168   505   0x7f90001010 TRACE             GST_TRACER :0:: latency, src-element-id=(string)0x55bbd19080, src-element=(string)libcamerasrc0, src=(string)src, sink-element-id=(string)0x55bbd35510, sink-element=(string)fakesink0, sink=(string)sink, time=(guint64)354041, ts=(guint64)7597832945;
0:00:07.607565324   505   0x7f90000dc0 TRACE             GST_TRACER :0:: latency, src-element-id=(string)0x55bbd19080, src-element=(string)libcamerasrc0, src=(string)src, sink-element-id=(string)0x55bbd6bc80, sink-element=(string)udpsink0, sink=(string)sink, time=(guint64)236503377, ts=(guint64)7607505064;
0:00:07.627100454   505   0x7f90000b70 TRACE             GST_TRACER :0:: latency, src-element-id=(string)0x55bbd19080, src-element=(string)libcamerasrc0, src=(string)src, sink-element-id=(string)0x55bbd3bd60, sink-element=(string)sink, sink=(string)sink, time=(guint64)29571735, ts=(guint64)7627050639;
0:00:07.631255802   505   0x7f90001010 TRACE             GST_TRACER :0:: latency, src-element-id=(string)0x55bbd19080, src-element=(string)libcamerasrc0, src=(string)src, sink-element-id=(string)0x55bbd35510, sink-element=(string)fakesink0, sink=(string)sink, time=(guint64)302930, ts=(guint64)7631220264;
0:00:07.649757455   505   0x7f90000b70 TRACE             GST_TRACER :0:: latency, src-element-id=(string)0x55bbd19080, src-element=(string)libcamerasrc0, src=(string)src, sink-element-id=(string)0x55bbd3bd60, sink-element=(string)sink, sink=(string)sink, time=(guint64)18782491, ts=(guint64)7649699825;
0:00:07.661325709   505   0x7f90000dc0 TRACE             GST_TRACER :0:: latency, src-element-id=(string)0x55bbd19080, src-element=(string)libcamerasrc0, src=(string)src, sink-element-id=(string)0x55bbd6bc80, sink-element=(string)udpsink0, sink=(string)sink, time=(guint64)233195837, ts=(guint64)7661265171;
0:00:07.682615064   505   0x7f90001010 TRACE             GST_TRACER :0:: latency, src-element-id=(string)0x55bbd19080, src-element=(string)libcamerasrc0, src=(string)src, sink-element-id=(string)0x55bbd35510, sink-element=(string)fakesink0, sink=(string)sink, time=(guint64)489413, ts=(guint64)7682580008;
0:00:07.700274337   505   0x7f90000b70 TRACE             GST_TRACER :0:: latency, src-element-id=(string)0x55bbd19080, src-element=(string)libcamerasrc0, src=(string)src, sink-element-id=(string)0x55bbd3bd60, sink-element=(string)sink, sink=(string)sink, time=(guint64)18123334, ts=(guint64)7700213929;
0:00:07.726648811   505   0x7f90000dc0 TRACE             GST_TRACER :0:: latency, src-element-id=(string)0x55bbd19080, src-element=(string)libcamerasrc0, src=(string)src, sink-element-id=(string)0x55bbd6bc80, sink-element=(string)udpsink0, sink=(string)sink, time=(guint64)237401888, ts=(guint64)7726588439;
0:00:07.751920585   505   0x7f90001010 TRACE             GST_TRACER :0:: latency, src-element-id=(string)0x55bbd19080, src-element=(string)libcamerasrc0, src=(string)src, sink-element-id=(string)0x55bbd35510, sink-element=(string)fakesink0, sink=(string)sink, time=(guint64)289781, ts=(guint64)7751885862;
0:00:07.781014555   505   0x7f90000b70 TRACE             GST_TRACER :0:: latency, src-element-id=(string)0x55bbd19080, src-element=(string)libcamerasrc0, src=(string)src, sink-element-id=(string)0x55bbd3bd60, sink-element=(string)sink, sink=(string)sink, time=(guint64)29375010, ts=(guint64)7780971091;
0:00:07.785938838   505   0x7f90000dc0 TRACE             GST_TRACER :0:: latency, src-element-id=(string)0x55bbd19080, src-element=(string)libcamerasrc0, src=(string)src, sink-element-id=(string)0x55bbd6bc80, sink-element=(string)udpsink0, sink=(string)sink, time=(guint64)255683466, ts=(guint64)7785883355;
0:00:07.814355873   505   0x7f90001010 TRACE             GST_TRACER :0:: latency, src-element-id=(string)0x55bbd19080, src-element=(string)libcamerasrc0, src=(string)src, sink-element-id=(string)0x55bbd35510, sink-element=(string)fakesink0, sink=(string)sink, time=(guint64)356171, ts=(guint64)7814308724;
0:00:07.837241100   505   0x7f90000b70 TRACE             GST_TRACER :0:: latency, src-element-id=(string)0x55bbd19080, src-element=(string)libcamerasrc0, src=(string)src, sink-element-id=(string)0x55bbd3bd60, sink-element=(string)sink, sink=(string)sink, time=(guint64)23237509, ts=(guint64)7837190062;
0:00:07.842505794   505   0x7f90000dc0 TRACE             GST_TRACER :0:: latency, src-element-id=(string)0x55bbd19080, src-element=(string)libcamerasrc0, src=(string)src, sink-element-id=(string)0x55bbd6bc80, sink-element=(string)udpsink0, sink=(string)sink, time=(guint64)244934944, ts=(guint64)7842413848;
0:00:07.866610165   505   0x7f90001010 TRACE             GST_TRACER :0:: latency, src-element-id=(string)0x55bbd19080, src-element=(string)libcamerasrc0, src=(string)src, sink-element-id=(string)0x55bbd35510, sink-element=(string)fakesink0, sink=(string)sink, time=(guint64)664416, ts=(guint64)7866561072;
0:00:07.890955428   505   0x7f90000b70 TRACE             GST_TRACER :0:: latency, src-element-id=(string)0x55bbd19080, src-element=(string)libcamerasrc0, src=(string)src, sink-element-id=(string)0x55bbd3bd60, sink-element=(string)sink, sink=(string)sink, time=(guint64)25010623, ts=(guint64)7890907279;
0:00:07.899459774   505   0x7f90000dc0 TRACE             GST_TRACER :0:: latency, src-element-id=(string)0x55bbd19080, src-element=(string)libcamerasrc0, src=(string)src, sink-element-id=(string)0x55bbd6bc80, sink-element=(string)udpsink0, sink=(string)sink, time=(guint64)268487772, ts=(guint64)7899405106;
0:00:07.917895609   505   0x7f90001010 TRACE             GST_TRACER :0:: latency, src-element-id=(string)0x55bbd19080, src-element=(string)libcamerasrc0, src=(string)src, sink-element-id=(string)0x55bbd35510, sink-element=(string)fakesink0, sink=(string)sink, time=(guint64)308189, ts=(guint64)7917863683;
0:00:07.935279839   505   0x7f90000b70 TRACE             GST_TRACER :0:: latency, src-element-id=(string)0x55bbd19080, src-element=(string)libcamerasrc0, src=(string)src, sink-element-id=(string)0x55bbd3bd60, sink-element=(string)sink, sink=(string)sink, time=(guint64)17674141, ts=(guint64)7935229635;
0:00:07.947761676   505   0x7f90000dc0 TRACE             GST_TRACER :0:: latency, src-element-id=(string)0x55bbd19080, src-element=(string)libcamerasrc0, src=(string)src, sink-element-id=(string)0x55bbd6bc80, sink-element=(string)udpsink0, sink=(string)sink, time=(guint64)265624006, ts=(guint64)7947714601;
0:00:07.964359989   505   0x7f90001010 TRACE             GST_TRACER :0:: latency, src-element-id=(string)0x55bbd19080, src-element=(string)libcamerasrc0, src=(string)src, sink-element-id=(string)0x55bbd35510, sink-element=(string)fakesink0, sink=(string)sink, time=(guint64)271170, ts=(guint64)7964326989;
0:00:07.982454653   505   0x7f90000b70 TRACE             GST_TRACER :0:: latency, src-element-id=(string)0x55bbd19080, src-element=(string)libcamerasrc0, src=(string)src, sink-element-id=(string)0x55bbd3bd60, sink-element=(string)sink, sink=(string)sink, time=(guint64)18349963, ts=(guint64)7982405782;
0:00:07.998169289   505   0x7f90000dc0 TRACE             GST_TRACER :0:: latency, src-element-id=(string)0x55bbd19080, src-element=(string)libcamerasrc0, src=(string)src, sink-element-id=(string)0x55bbd6bc80, sink-element=(string)udpsink0, sink=(string)sink, time=(guint64)246525744, ts=(guint64)7998121825;
0:00:08.021720483   505   0x7f90001010 TRACE             GST_TRACER :0:: latency, src-element-id=(string)0x55bbd19080, src-element=(string)libcamerasrc0, src=(string)src, sink-element-id=(string)0x55bbd35510, sink-element=(string)fakesink0, sink=(string)sink, time=(guint64)280226, ts=(guint64)8021684427;
0:00:08.039862277   505   0x7f90000b70 TRACE             GST_TRACER :0:: latency, src-element-id=(string)0x55bbd19080, src-element=(string)libcamerasrc0, src=(string)src, sink-element-id=(string)0x55bbd3bd60, sink-element=(string)sink, sink=(string)sink, time=(guint64)18409242, ts=(guint64)8039813443;
0:00:08.048278139   505   0x7f90000dc0 TRACE             GST_TRACER :0:: latency, src-element-id=(string)0x55bbd19080, src-element=(string)libcamerasrc0, src=(string)src, sink-element-id=(string)0x55bbd6bc80, sink-element=(string)udpsink0, sink=(string)sink, time=(guint64)234275085, ts=(guint64)8048227638;
0:00:08.067142979   505   0x7f90001010 TRACE             GST_TRACER :0:: latency, src-element-id=(string)0x55bbd19080, src-element=(string)libcamerasrc0, src=(string)src, sink-element-id=(string)0x55bbd35510, sink-element=(string)fakesink0, sink=(string)sink, time=(guint64)373819, ts=(guint64)8067100034;
0:00:08.085183569   505   0x7f90000b70 TRACE             GST_TRACER :0:: latency, src-element-id=(string)0x55bbd19080, src-element=(string)libcamerasrc0, src=(string)src, sink-element-id=(string)0x55bbd3bd60, sink-element=(string)sink, sink=(string)sink, time=(guint64)18402372, ts=(guint64)8085128587;
0:00:08.094146474   505   0x7f90000dc0 TRACE             GST_TRACER :0:: latency, src-element-id=(string)0x55bbd19080, src-element=(string)libcamerasrc0, src=(string)src, sink-element-id=(string)0x55bbd6bc80, sink-element=(string)udpsink0, sink=(string)sink, time=(guint64)228200373, ts=(guint64)8094097029;
0:00:08.122675081   505   0x7f90001010 TRACE             GST_TRACER :0:: latency, src-element-id=(string)0x55bbd19080, src-element=(string)libcamerasrc0, src=(string)src, sink-element-id=(string)0x55bbd35510, sink-element=(string)fakesink0, sink=(string)sink, time=(guint64)303263, ts=(guint64)8122631210;
0:00:08.142447191   505   0x7f90000dc0 TRACE             GST_TRACER :0:: latency, src-element-id=(string)0x55bbd19080, src-element=(string)libcamerasrc0, src=(string)src, sink-element-id=(string)0x55bbd6bc80, sink-element=(string)udpsink0, sink=(string)sink, time=(guint64)224826845, ts=(guint64)8142382339;
0:00:08.143476278   505   0x7f90000b70 TRACE             GST_TRACER :0:: latency, src-element-id=(string)0x55bbd19080, src-element=(string)libcamerasrc0, src=(string)src, sink-element-id=(string)0x55bbd3bd60, sink-element=(string)sink, sink=(string)sink, time=(guint64)21099071, ts=(guint64)8143427018;
0:00:08.171965606   505   0x7f90001010 TRACE             GST_TRACER :0:: latency, src-element-id=(string)0x55bbd19080, src-element=(string)libcamerasrc0, src=(string)src, sink-element-id=(string)0x55bbd35510, sink-element=(string)fakesink0, sink=(string)sink, time=(guint64)225743, ts=(guint64)8171916642;
0:00:08.190949559   505   0x7f90000dc0 TRACE             GST_TRACER :0:: latency, src-element-id=(string)0x55bbd19080, src-element=(string)libcamerasrc0, src=(string)src, sink-element-id=(string)0x55bbd6bc80, sink-element=(string)udpsink0, sink=(string)sink, time=(guint64)226831535, ts=(guint64)8190887354;
0:00:08.194739364   505   0x7f90000b70 TRACE             GST_TRACER :0:: latency, src-element-id=(string)0x55bbd19080, src-element=(string)libcamerasrc0, src=(string)src, sink-element-id=(string)0x55bbd3bd60, sink-element=(string)sink, sink=(string)sink, time=(guint64)22980816, ts=(guint64)8194671715;
0:00:08.213433110   505   0x7f90001010 TRACE             GST_TRACER :0:: latency, src-element-id=(string)0x55bbd19080, src-element=(string)libcamerasrc0, src=(string)src, sink-element-id=(string)0x55bbd35510, sink-element=(string)fakesink0, sink=(string)sink, time=(guint64)218965, ts=(guint64)8213392424;
0:00:08.239209497   505   0x7f90000dc0 TRACE             GST_TRACER :0:: latency, src-element-id=(string)0x55bbd19080, src-element=(string)libcamerasrc0, src=(string)src, sink-element-id=(string)0x55bbd6bc80, sink-element=(string)udpsink0, sink=(string)sink, time=(guint64)217749999, ts=(guint64)8239154200;
0:00:08.239230738   505   0x7f90000b70 TRACE             GST_TRACER :0:: latency, src-element-id=(string)0x55bbd19080, src-element=(string)libcamerasrc0, src=(string)src, sink-element-id=(string)0x55bbd3bd60, sink-element=(string)sink, sink=(string)sink, time=(guint64)26026483, ts=(guint64)8239199942;
0:00:08.262475836   505   0x7f90001010 TRACE             GST_TRACER :0:: latency, src-element-id=(string)0x55bbd19080, src-element=(string)libcamerasrc0, src=(string)src, sink-element-id=(string)0x55bbd35510, sink-element=(string)fakesink0, sink=(string)sink, time=(guint64)201762, ts=(guint64)8262430502;
0:00:08.295269827   505   0x7f90000b70 TRACE             GST_TRACER :0:: latency, src-element-id=(string)0x55bbd19080, src-element=(string)libcamerasrc0, src=(string)src, sink-element-id=(string)0x55bbd3bd60, sink-element=(string)sink, sink=(string)sink, time=(guint64)32996901, ts=(guint64)8295225641;
0:00:08.311249355   505   0x7f90000dc0 TRACE             GST_TRACER :0:: latency, src-element-id=(string)0x55bbd19080, src-element=(string)libcamerasrc0, src=(string)src, sink-element-id=(string)0x55bbd6bc80, sink-element=(string)udpsink0, sink=(string)sink, time=(guint64)244474380, ts=(guint64)8311200595;
0:00:08.337450266   505   0x7f90001010 TRACE             GST_TRACER :0:: latency, src-element-id=(string)0x55bbd19080, src-element=(string)libcamerasrc0, src=(string)src, sink-element-id=(string)0x55bbd35510, sink-element=(string)fakesink0, sink=(string)sink, time=(guint64)233059, ts=(guint64)8337402673;
0:00:08.356318199   505   0x7f90000dc0 TRACE             GST_TRACER :0:: latency, src-element-id=(string)0x55bbd19080, src-element=(string)libcamerasrc0, src=(string)src, sink-element-id=(string)0x55bbd6bc80, sink-element=(string)udpsink0, sink=(string)sink, time=(guint64)233940085, ts=(guint64)8356268032;
0:00:08.361167128   505   0x7f90000b70 TRACE             GST_TRACER :0:: latency, src-element-id=(string)0x55bbd19080, src-element=(string)libcamerasrc0, src=(string)src, sink-element-id=(string)0x55bbd3bd60, sink-element=(string)sink, sink=(string)sink, time=(guint64)23925458, ts=(guint64)8361095072;
0:00:08.385239828   505   0x7f90001010 TRACE             GST_TRACER :0:: latency, src-element-id=(string)0x55bbd19080, src-element=(string)libcamerasrc0, src=(string)src, sink-element-id=(string)0x55bbd35510, sink-element=(string)fakesink0, sink=(string)sink, time=(guint64)4006938, ts=(guint64)8385177217;
0:00:08.403152194   505   0x7f90000b70 TRACE             GST_TRACER :0:: latency, src-element-id=(string)0x55bbd19080, src-element=(string)libcamerasrc0, src=(string)src, sink-element-id=(string)0x55bbd3bd60, sink-element=(string)sink, sink=(string)sink, time=(guint64)21920044, ts=(guint64)8403090323;
0:00:08.405751078   505   0x7f90000dc0 TRACE             GST_TRACER :0:: latency, src-element-id=(string)0x55bbd19080, src-element=(string)libcamerasrc0, src=(string)src, sink-element-id=(string)0x55bbd6bc80, sink-element=(string)udpsink0, sink=(string)sink, time=(guint64)233942992, ts=(guint64)8405633891;
0:00:08.429206604   505   0x7f90001010 TRACE             GST_TRACER :0:: latency, src-element-id=(string)0x55bbd19080, src-element=(string)libcamerasrc0, src=(string)src, sink-element-id=(string)0x55bbd35510, sink-element=(string)fakesink0, sink=(string)sink, time=(guint64)3259799, ts=(guint64)8429151436;
0:00:08.453361768   505   0x7f90000dc0 TRACE             GST_TRACER :0:: latency, src-element-id=(string)0x55bbd19080, src-element=(string)libcamerasrc0, src=(string)src, sink-element-id=(string)0x55bbd6bc80, sink-element=(string)udpsink0, sink=(string)sink, time=(guint64)240134697, ts=(guint64)8453308156;
0:00:08.454338650   505   0x7f90000b70 TRACE             GST_TRACER :0:: latency, src-element-id=(string)0x55bbd19080, src-element=(string)libcamerasrc0, src=(string)src, sink-element-id=(string)0x55bbd3bd60, sink-element=(string)sink, sink=(string)sink, time=(guint64)28396790, ts=(guint64)8454288427;
0:00:08.475972357   505   0x7f90001010 TRACE             GST_TRACER :0:: latency, src-element-id=(string)0x55bbd19080, src-element=(string)libcamerasrc0, src=(string)src, sink-element-id=(string)0x55bbd35510, sink-element=(string)fakesink0, sink=(string)sink, time=(guint64)208243, ts=(guint64)8475934172;
0:00:08.496473199   505   0x7f90000dc0 TRACE             GST_TRACER :0:: latency, src-element-id=(string)0x55bbd19080, src-element=(string)libcamerasrc0, src=(string)src, sink-element-id=(string)0x55bbd6bc80, sink-element=(string)udpsink0, sink=(string)sink, time=(guint64)234182218, ts=(guint64)8496410958;
0:00:08.500531249   505   0x7f90000b70 TRACE             GST_TRACER :0:: latency, src-element-id=(string)0x55bbd19080, src-element=(string)libcamerasrc0, src=(string)src, sink-element-id=(string)0x55bbd3bd60, sink-element=(string)sink, sink=(string)sink, time=(guint64)24746282, ts=(guint64)8500472211;
Frames recibidos: 150
0:00:08.531807055   505   0x7f90001010 TRACE             GST_TRACER :0:: latency, src-element-id=(string)0x55bbd19080, src-element=(string)libcamerasrc0, src=(string)src, sink-element-id=(string)0x55bbd35510, sink-element=(string)fakesink0, sink=(string)sink, time=(guint64)3101112, ts=(guint64)8531760647;
0:00:08.544675545   505   0x7f90000dc0 TRACE             GST_TRACER :0:: latency, src-element-id=(string)0x55bbd19080, src-element=(string)libcamerasrc0, src=(string)src, sink-element-id=(string)0x55bbd6bc80, sink-element=(string)udpsink0, sink=(string)sink, time=(guint64)207433041, ts=(guint64)8544602655;
0:00:08.549395232   505   0x7f90000b70 TRACE             GST_TRACER :0:: latency, src-element-id=(string)0x55bbd19080, src-element=(string)libcamerasrc0, src=(string)src, sink-element-id=(string)0x55bbd3bd60, sink-element=(string)sink, sink=(string)sink, time=(guint64)20675659, ts=(guint64)8549335194;
0:00:08.570810029   505   0x7f90001010 TRACE             GST_TRACER :0:: latency, src-element-id=(string)0x55bbd19080, src-element=(string)libcamerasrc0, src=(string)src, sink-element-id=(string)0x55bbd35510, sink-element=(string)fakesink0, sink=(string)sink, time=(guint64)321707, ts=(guint64)8570772843;
0:00:08.607977462   505   0x7f90000b70 TRACE             GST_TRACER :0:: latency, src-element-id=(string)0x55bbd19080, src-element=(string)libcamerasrc0, src=(string)src, sink-element-id=(string)0x55bbd3bd60, sink-element=(string)sink, sink=(string)sink, time=(guint64)37455251, ts=(guint64)8607906387;
0:00:08.608049704   505   0x7f90000dc0 TRACE             GST_TRACER :0:: latency, src-element-id=(string)0x55bbd19080, src-element=(string)libcamerasrc0, src=(string)src, sink-element-id=(string)0x55bbd6bc80, sink-element=(string)udpsink0, sink=(string)sink, time=(guint64)226848221, ts=(guint64)8608018500;
0:00:08.641730336   505   0x7f90001010 TRACE             GST_TRACER :0:: latency, src-element-id=(string)0x55bbd19080, src-element=(string)libcamerasrc0, src=(string)src, sink-element-id=(string)0x55bbd35510, sink-element=(string)fakesink0, sink=(string)sink, time=(guint64)324800, ts=(guint64)8641688928;
0:00:08.669517081   505   0x7f90000dc0 TRACE             GST_TRACER :0:: latency, src-element-id=(string)0x55bbd19080, src-element=(string)libcamerasrc0, src=(string)src, sink-element-id=(string)0x55bbd6bc80, sink-element=(string)udpsink0, sink=(string)sink, time=(guint64)243577592, ts=(guint64)8669469229;
0:00:08.672231688   505   0x7f90000b70 TRACE             GST_TRACER :0:: latency, src-element-id=(string)0x55bbd19080, src-element=(string)libcamerasrc0, src=(string)src, sink-element-id=(string)0x55bbd3bd60, sink-element=(string)sink, sink=(string)sink, time=(guint64)30822245, ts=(guint64)8672186373;
0:00:08.693460946   505   0x7f90001010 TRACE             GST_TRACER :0:: latency, src-element-id=(string)0x55bbd19080, src-element=(string)libcamerasrc0, src=(string)src, sink-element-id=(string)0x55bbd35510, sink-element=(string)fakesink0, sink=(string)sink, time=(guint64)214928, ts=(guint64)8693415853;
0:00:08.724895162   505   0x7f90000b70 TRACE             GST_TRACER :0:: latency, src-element-id=(string)0x55bbd19080, src-element=(string)libcamerasrc0, src=(string)src, sink-element-id=(string)0x55bbd3bd60, sink-element=(string)sink, sink=(string)sink, time=(guint64)31645773, ts=(guint64)8724846698;
0:00:08.740549259   505   0x7f90000dc0 TRACE             GST_TRACER :0:: latency, src-element-id=(string)0x55bbd19080, src-element=(string)libcamerasrc0, src=(string)src, sink-element-id=(string)0x55bbd6bc80, sink-element=(string)udpsink0, sink=(string)sink, time=(guint64)264770293, ts=(guint64)8740496222;
0:00:08.768379209   505   0x7f90001010 TRACE             GST_TRACER :0:: latency, src-element-id=(string)0x55bbd19080, src-element=(string)libcamerasrc0, src=(string)src, sink-element-id=(string)0x55bbd35510, sink-element=(string)fakesink0, sink=(string)sink, time=(guint64)236095, ts=(guint64)8768336449;
0:00:08.785915644   505   0x7f90000dc0 TRACE             GST_TRACER :0:: latency, src-element-id=(string)0x55bbd19080, src-element=(string)libcamerasrc0, src=(string)src, sink-element-id=(string)0x55bbd6bc80, sink-element=(string)udpsink0, sink=(string)sink, time=(guint64)257197349, ts=(guint64)8785856884;
0:00:08.798937543   505   0x7f90000b70 TRACE             GST_TRACER :0:: latency, src-element-id=(string)0x55bbd19080, src-element=(string)libcamerasrc0, src=(string)src, sink-element-id=(string)0x55bbd3bd60, sink-element=(string)sink, sink=(string)sink, time=(guint64)30787874, ts=(guint64)8798888228;
0:00:08.813239384   505   0x7f90001010 TRACE             GST_TRACER :0:: latency, src-element-id=(string)0x55bbd19080, src-element=(string)libcamerasrc0, src=(string)src, sink-element-id=(string)0x55bbd35510, sink-element=(string)fakesink0, sink=(string)sink, time=(guint64)3044240, ts=(guint64)8813182920;
0:00:08.836980450   505   0x7f90000b70 TRACE             GST_TRACER :0:: latency, src-element-id=(string)0x55bbd19080, src-element=(string)libcamerasrc0, src=(string)src, sink-element-id=(string)0x55bbd3bd60, sink-element=(string)sink, sink=(string)sink, time=(guint64)26792474, ts=(guint64)8836931154;
0:00:08.843017394   505   0x7f90000dc0 TRACE             GST_TRACER :0:: latency, src-element-id=(string)0x55bbd19080, src-element=(string)libcamerasrc0, src=(string)src, sink-element-id=(string)0x55bbd6bc80, sink-element=(string)udpsink0, sink=(string)sink, time=(guint64)272506109, ts=(guint64)8842957245;
0:00:08.873219558   505   0x7f90001010 TRACE             GST_TRACER :0:: latency, src-element-id=(string)0x55bbd19080, src-element=(string)libcamerasrc0, src=(string)src, sink-element-id=(string)0x55bbd35510, sink-element=(string)fakesink0, sink=(string)sink, time=(guint64)3690193, ts=(guint64)8873162483;
0:00:08.891116109   505   0x7f90000dc0 TRACE             GST_TRACER :0:: latency, src-element-id=(string)0x55bbd19080, src-element=(string)libcamerasrc0, src=(string)src, sink-element-id=(string)0x55bbd6bc80, sink-element=(string)udpsink0, sink=(string)sink, time=(guint64)249684480, ts=(guint64)8891048608;
0:00:08.892706684   505   0x7f90000b70 TRACE             GST_TRACER :0:: latency, src-element-id=(string)0x55bbd19080, src-element=(string)libcamerasrc0, src=(string)src, sink-element-id=(string)0x55bbd3bd60, sink-element=(string)sink, sink=(string)sink, time=(guint64)23188486, ts=(guint64)8892660776;
0:00:08.914232036   505   0x7f90001010 TRACE             GST_TRACER :0:: latency, src-element-id=(string)0x55bbd19080, src-element=(string)libcamerasrc0, src=(string)src, sink-element-id=(string)0x55bbd35510, sink-element=(string)fakesink0, sink=(string)sink, time=(guint64)230225, ts=(guint64)8914187702;
0:00:08.935040156   505   0x7f90000dc0 TRACE             GST_TRACER :0:: latency, src-element-id=(string)0x55bbd19080, src-element=(string)libcamerasrc0, src=(string)src, sink-element-id=(string)0x55bbd6bc80, sink-element=(string)udpsink0, sink=(string)sink, time=(guint64)241776119, ts=(guint64)8934977044;
0:00:08.942320817   505   0x7f90000b70 TRACE             GST_TRACER :0:: latency, src-element-id=(string)0x55bbd19080, src-element=(string)libcamerasrc0, src=(string)src, sink-element-id=(string)0x55bbd3bd60, sink-element=(string)sink, sink=(string)sink, time=(guint64)28300117, ts=(guint64)8942257594;
0:00:08.973155928   505   0x7f90001010 TRACE             GST_TRACER :0:: latency, src-element-id=(string)0x55bbd19080, src-element=(string)libcamerasrc0, src=(string)src, sink-element-id=(string)0x55bbd35510, sink-element=(string)fakesink0, sink=(string)sink, time=(guint64)5765347, ts=(guint64)8973112057;
0:00:08.994196958   505   0x7f90000dc0 TRACE             GST_TRACER :0:: latency, src-element-id=(string)0x55bbd19080, src-element=(string)libcamerasrc0, src=(string)src, sink-element-id=(string)0x55bbd6bc80, sink-element=(string)udpsink0, sink=(string)sink, time=(guint64)226009028, ts=(guint64)8994109382;
0:00:09.011181995   505   0x7f90000b70 TRACE             GST_TRACER :0:: latency, src-element-id=(string)0x55bbd19080, src-element=(string)libcamerasrc0, src=(string)src, sink-element-id=(string)0x55bbd3bd60, sink-element=(string)sink, sink=(string)sink, time=(guint64)43785877, ts=(guint64)9011132587;
0:00:09.021196244   505   0x7f90001010 TRACE             GST_TRACER :0:: latency, src-element-id=(string)0x55bbd19080, src-element=(string)libcamerasrc0, src=(string)src, sink-element-id=(string)0x55bbd35510, sink-element=(string)fakesink0, sink=(string)sink, time=(guint64)5795681, ts=(guint64)9021145744;
0:00:09.045096901   505   0x7f90000dc0 TRACE             GST_TRACER :0:: latency, src-element-id=(string)0x55bbd19080, src-element=(string)libcamerasrc0, src=(string)src, sink-element-id=(string)0x55bbd6bc80, sink-element=(string)udpsink0, sink=(string)sink, time=(guint64)234849831, ts=(guint64)9044988511;
0:00:09.048901391   505   0x7f90000b70 TRACE             GST_TRACER :0:: latency, src-element-id=(string)0x55bbd19080, src-element=(string)libcamerasrc0, src=(string)src, sink-element-id=(string)0x55bbd3bd60, sink-element=(string)sink, sink=(string)sink, time=(guint64)33493902, ts=(guint64)9048843965;
0:00:09.081194705   505   0x7f90001010 TRACE             GST_TRACER :0:: latency, src-element-id=(string)0x55bbd19080, src-element=(string)libcamerasrc0, src=(string)src, sink-element-id=(string)0x55bbd35510, sink-element=(string)fakesink0, sink=(string)sink, time=(guint64)5253341, ts=(guint64)9081140445;
0:00:09.107633448   505   0x7f90000b70 TRACE             GST_TRACER :0:: latency, src-element-id=(string)0x55bbd19080, src-element=(string)libcamerasrc0, src=(string)src, sink-element-id=(string)0x55bbd3bd60, sink-element=(string)sink, sink=(string)sink, time=(guint64)31701084, ts=(guint64)9107588188;
0:00:09.109952883   505   0x7f90000dc0 TRACE             GST_TRACER :0:: latency, src-element-id=(string)0x55bbd19080, src-element=(string)libcamerasrc0, src=(string)src, sink-element-id=(string)0x55bbd6bc80, sink-element=(string)udpsink0, sink=(string)sink, time=(guint64)240435055, ts=(guint64)9109907345;
0:00:09.141172183   505   0x7f90001010 TRACE             GST_TRACER :0:: latency, src-element-id=(string)0x55bbd19080, src-element=(string)libcamerasrc0, src=(string)src, sink-element-id=(string)0x55bbd35510, sink-element=(string)fakesink0, sink=(string)sink, time=(guint64)3282428, ts=(guint64)9141126405;
0:00:09.165653995   505   0x7f90000b70 TRACE             GST_TRACER :0:: latency, src-element-id=(string)0x55bbd19080, src-element=(string)libcamerasrc0, src=(string)src, sink-element-id=(string)0x55bbd3bd60, sink-element=(string)sink, sink=(string)sink, time=(guint64)27761925, ts=(guint64)9165605902;
0:00:09.169252002   505   0x7f90000dc0 TRACE             GST_TRACER :0:: latency, src-element-id=(string)0x55bbd19080, src-element=(string)libcamerasrc0, src=(string)src, sink-element-id=(string)0x55bbd6bc80, sink-element=(string)udpsink0, sink=(string)sink, time=(guint64)255187042, ts=(guint64)9169144519;
0:00:09.201172532   505   0x7f90001010 TRACE             GST_TRACER :0:: latency, src-element-id=(string)0x55bbd19080, src-element=(string)libcamerasrc0, src=(string)src, sink-element-id=(string)0x55bbd35510, sink-element=(string)fakesink0, sink=(string)sink, time=(guint64)3759786, ts=(guint64)9201124606;
0:00:09.220547228   505   0x7f90000b70 TRACE             GST_TRACER :0:: latency, src-element-id=(string)0x55bbd19080, src-element=(string)libcamerasrc0, src=(string)src, sink-element-id=(string)0x55bbd3bd60, sink-element=(string)sink, sink=(string)sink, time=(guint64)23130185, ts=(guint64)9220495005;
0:00:09.228154597   505   0x7f90000dc0 TRACE             GST_TRACER :0:: latency, src-element-id=(string)0x55bbd19080, src-element=(string)libcamerasrc0, src=(string)src, sink-element-id=(string)0x55bbd6bc80, sink-element=(string)udpsink0, sink=(string)sink, time=(guint64)260722071, ts=(guint64)9228068781;
0:00:09.249006902   505   0x7f90001010 TRACE             GST_TRACER :0:: latency, src-element-id=(string)0x55bbd19080, src-element=(string)libcamerasrc0, src=(string)src, sink-element-id=(string)0x55bbd35510, sink-element=(string)fakesink0, sink=(string)sink, time=(guint64)911400, ts=(guint64)9248962513;
0:00:09.280048015   505   0x7f90000b70 TRACE             GST_TRACER :0:: latency, src-element-id=(string)0x55bbd19080, src-element=(string)libcamerasrc0, src=(string)src, sink-element-id=(string)0x55bbd3bd60, sink-element=(string)sink, sink=(string)sink, time=(guint64)31942772, ts=(guint64)9279993885;
0:00:09.297311852   505   0x7f90000dc0 TRACE             GST_TRACER :0:: latency, src-element-id=(string)0x55bbd19080, src-element=(string)libcamerasrc0, src=(string)src, sink-element-id=(string)0x55bbd6bc80, sink-element=(string)udpsink0, sink=(string)sink, time=(guint64)281909974, ts=(guint64)9297260037;
0:00:09.325150464   505   0x7f90001010 TRACE             GST_TRACER :0:: latency, src-element-id=(string)0x55bbd19080, src-element=(string)libcamerasrc0, src=(string)src, sink-element-id=(string)0x55bbd35510, sink-element=(string)fakesink0, sink=(string)sink, time=(guint64)1309794, ts=(guint64)9325086241;
0:00:09.341517956   505   0x7f90000b70 TRACE             GST_TRACER :0:: latency, src-element-id=(string)0x55bbd19080, src-element=(string)libcamerasrc0, src=(string)src, sink-element-id=(string)0x55bbd3bd60, sink-element=(string)sink, sink=(string)sink, time=(guint64)17695342, ts=(guint64)9341471789;
0:00:09.341611217   505   0x7f90000dc0 TRACE             GST_TRACER :0:: latency, src-element-id=(string)0x55bbd19080, src-element=(string)libcamerasrc0, src=(string)src, sink-element-id=(string)0x55bbd6bc80, sink-element=(string)udpsink0, sink=(string)sink, time=(guint64)265694149, ts=(guint64)9341581253;
0:00:09.375386696   505   0x7f90001010 TRACE             GST_TRACER :0:: latency, src-element-id=(string)0x55bbd19080, src-element=(string)libcamerasrc0, src=(string)src, sink-element-id=(string)0x55bbd35510, sink-element=(string)fakesink0, sink=(string)sink, time=(guint64)2049340, ts=(guint64)9375318362;
0:00:09.385932248   505   0x7f90000dc0 TRACE             GST_TRACER :0:: latency, src-element-id=(string)0x55bbd19080, src-element=(string)libcamerasrc0, src=(string)src, sink-element-id=(string)0x55bbd6bc80, sink-element=(string)udpsink0, sink=(string)sink, time=(guint64)248038123, ts=(guint64)9385882100;
0:00:09.395907961   505   0x7f90000b70 TRACE             GST_TRACER :0:: latency, src-element-id=(string)0x55bbd19080, src-element=(string)libcamerasrc0, src=(string)src, sink-element-id=(string)0x55bbd3bd60, sink-element=(string)sink, sink=(string)sink, time=(guint64)22582938, ts=(guint64)9395851960;
0:00:09.420198974   505   0x7f90001010 TRACE             GST_TRACER :0:: latency, src-element-id=(string)0x55bbd19080, src-element=(string)libcamerasrc0, src=(string)src, sink-element-id=(string)0x55bbd35510, sink-element=(string)fakesink0, sink=(string)sink, time=(guint64)2275491, ts=(guint64)9420134233;
0:00:09.437312253   505   0x7f90000dc0 TRACE             GST_TRACER :0:: latency, src-element-id=(string)0x55bbd19080, src-element=(string)libcamerasrc0, src=(string)src, sink-element-id=(string)0x55bbd6bc80, sink-element=(string)udpsink0, sink=(string)sink, time=(guint64)239881766, ts=(guint64)9437246586;
0:00:09.440890000   505   0x7f90000b70 TRACE             GST_TRACER :0:: latency, src-element-id=(string)0x55bbd19080, src-element=(string)libcamerasrc0, src=(string)src, sink-element-id=(string)0x55bbd3bd60, sink-element=(string)sink, sink=(string)sink, time=(guint64)22964979, ts=(guint64)9440823721;
0:00:09.465228403   505   0x7f90001010 TRACE             GST_TRACER :0:: latency, src-element-id=(string)0x55bbd19080, src-element=(string)libcamerasrc0, src=(string)src, sink-element-id=(string)0x55bbd35510, sink-element=(string)fakesink0, sink=(string)sink, time=(guint64)3278780, ts=(guint64)9465183088;
0:00:09.489865717   505   0x7f90000b70 TRACE             GST_TRACER :0:: latency, src-element-id=(string)0x55bbd19080, src-element=(string)libcamerasrc0, src=(string)src, sink-element-id=(string)0x55bbd3bd60, sink-element=(string)sink, sink=(string)sink, time=(guint64)27913168, ts=(guint64)9489817476;
0:00:09.493392593   505   0x7f90000dc0 TRACE             GST_TRACER :0:: latency, src-element-id=(string)0x55bbd19080, src-element=(string)libcamerasrc0, src=(string)src, sink-element-id=(string)0x55bbd6bc80, sink-element=(string)udpsink0, sink=(string)sink, time=(guint64)245295479, ts=(guint64)9493346592;
0:00:09.529385469   505   0x7f90001010 TRACE             GST_TRACER :0:: latency, src-element-id=(string)0x55bbd19080, src-element=(string)libcamerasrc0, src=(string)src, sink-element-id=(string)0x55bbd35510, sink-element=(string)fakesink0, sink=(string)sink, time=(guint64)203521, ts=(guint64)9529348228;
0:00:09.544730282   505   0x7f90000dc0 TRACE             GST_TRACER :0:: latency, src-element-id=(string)0x55bbd19080, src-element=(string)libcamerasrc0, src=(string)src, sink-element-id=(string)0x55bbd6bc80, sink-element=(string)udpsink0, sink=(string)sink, time=(guint64)220876631, ts=(guint64)9544653078;
0:00:09.546777677   505   0x7f90000b70 TRACE             GST_TRACER :0:: latency, src-element-id=(string)0x55bbd19080, src-element=(string)libcamerasrc0, src=(string)src, sink-element-id=(string)0x55bbd3bd60, sink-element=(string)sink, sink=(string)sink, time=(guint64)17589488, ts=(guint64)9546734195;
0:00:09.581398352   505   0x7f90001010 TRACE             GST_TRACER :0:: latency, src-element-id=(string)0x55bbd19080, src-element=(string)libcamerasrc0, src=(string)src, sink-element-id=(string)0x55bbd35510, sink-element=(string)fakesink0, sink=(string)sink, time=(guint64)199206, ts=(guint64)9581363370;
0:00:09.602428548   505   0x7f90000b70 TRACE             GST_TRACER :0:: latency, src-element-id=(string)0x55bbd19080, src-element=(string)libcamerasrc0, src=(string)src, sink-element-id=(string)0x55bbd3bd60, sink-element=(string)sink, sink=(string)sink, time=(guint64)21218421, ts=(guint64)9602382585;
0:00:09.608704901   505   0x7f90000dc0 TRACE             GST_TRACER :0:: latency, src-element-id=(string)0x55bbd19080, src-element=(string)libcamerasrc0, src=(string)src, sink-element-id=(string)0x55bbd6bc80, sink-element=(string)udpsink0, sink=(string)sink, time=(guint64)235387953, ts=(guint64)9608656975;
0:00:09.628525861   505   0x7f90001010 TRACE             GST_TRACER :0:: latency, src-element-id=(string)0x55bbd19080, src-element=(string)libcamerasrc0, src=(string)src, sink-element-id=(string)0x55bbd35510, sink-element=(string)fakesink0, sink=(string)sink, time=(guint64)327041, ts=(guint64)9628493065;
0:00:09.667799777   505   0x7f90000dc0 TRACE             GST_TRACER :0:: latency, src-element-id=(string)0x55bbd19080, src-element=(string)libcamerasrc0, src=(string)src, sink-element-id=(string)0x55bbd6bc80, sink-element=(string)udpsink0, sink=(string)sink, time=(guint64)249896627, ts=(guint64)9667755369;
0:00:09.670949481   505   0x7f90000b70 TRACE             GST_TRACER :0:: latency, src-element-id=(string)0x55bbd19080, src-element=(string)libcamerasrc0, src=(string)src, sink-element-id=(string)0x55bbd3bd60, sink-element=(string)sink, sink=(string)sink, time=(guint64)42708197, ts=(guint64)9670874221;
0:00:09.693245582   505   0x7f90001010 TRACE             GST_TRACER :0:: latency, src-element-id=(string)0x55bbd19080, src-element=(string)libcamerasrc0, src=(string)src, sink-element-id=(string)0x55bbd35510, sink-element=(string)fakesink0, sink=(string)sink, time=(guint64)2921221, ts=(guint64)9693189693;
0:00:09.713981497   505   0x7f90000dc0 TRACE             GST_TRACER :0:: latency, src-element-id=(string)0x55bbd19080, src-element=(string)libcamerasrc0, src=(string)src, sink-element-id=(string)0x55bbd6bc80, sink-element=(string)udpsink0, sink=(string)sink, time=(guint64)252025374, ts=(guint64)9713929682;
0:00:09.720284758   505   0x7f90000b70 TRACE             GST_TRACER :0:: latency, src-element-id=(string)0x55bbd19080, src-element=(string)libcamerasrc0, src=(string)src, sink-element-id=(string)0x55bbd3bd60, sink-element=(string)sink, sink=(string)sink, time=(guint64)29962934, ts=(guint64)9720231406;
0:00:09.745512931   505   0x7f90001010 TRACE             GST_TRACER :0:: latency, src-element-id=(string)0x55bbd19080, src-element=(string)libcamerasrc0, src=(string)src, sink-element-id=(string)0x55bbd35510, sink-element=(string)fakesink0, sink=(string)sink, time=(guint64)208114, ts=(guint64)9745476431;
0:00:09.778972221   505   0x7f90000dc0 TRACE             GST_TRACER :0:: latency, src-element-id=(string)0x55bbd19080, src-element=(string)libcamerasrc0, src=(string)src, sink-element-id=(string)0x55bbd6bc80, sink-element=(string)udpsink0, sink=(string)sink, time=(guint64)249735087, ts=(guint64)9778879794;
0:00:09.791528039   505   0x7f90000b70 TRACE             GST_TRACER :0:: latency, src-element-id=(string)0x55bbd19080, src-element=(string)libcamerasrc0, src=(string)src, sink-element-id=(string)0x55bbd3bd60, sink-element=(string)sink, sink=(string)sink, time=(guint64)46174295, ts=(guint64)9791442612;
0:00:09.809534773   505   0x7f90001010 TRACE             GST_TRACER :0:: latency, src-element-id=(string)0x55bbd19080, src-element=(string)libcamerasrc0, src=(string)src, sink-element-id=(string)0x55bbd35510, sink-element=(string)fakesink0, sink=(string)sink, time=(guint64)325318, ts=(guint64)9809490772;
0:00:09.828645650   505   0x7f90000dc0 TRACE             GST_TRACER :0:: latency, src-element-id=(string)0x55bbd19080, src-element=(string)libcamerasrc0, src=(string)src, sink-element-id=(string)0x55bbd6bc80, sink-element=(string)udpsink0, sink=(string)sink, time=(guint64)247421504, ts=(guint64)9828585668;
0:00:09.829056489   505   0x7f90000b70 TRACE             GST_TRACER :0:: latency, src-element-id=(string)0x55bbd19080, src-element=(string)libcamerasrc0, src=(string)src, sink-element-id=(string)0x55bbd3bd60, sink-element=(string)sink, sink=(string)sink, time=(guint64)19814626, ts=(guint64)9828980080;
0:00:09.850397059   505   0x7f90001010 TRACE             GST_TRACER :0:: latency, src-element-id=(string)0x55bbd19080, src-element=(string)libcamerasrc0, src=(string)src, sink-element-id=(string)0x55bbd35510, sink-element=(string)fakesink0, sink=(string)sink, time=(guint64)281559, ts=(guint64)9850361911;
0:00:09.882912431   505   0x7f90000b70 TRACE             GST_TRACER :0:: latency, src-element-id=(string)0x55bbd19080, src-element=(string)libcamerasrc0, src=(string)src, sink-element-id=(string)0x55bbd3bd60, sink-element=(string)sink, sink=(string)sink, time=(guint64)32781134, ts=(guint64)9882861486;
0:00:09.885764872   505   0x7f90000dc0 TRACE             GST_TRACER :0:: latency, src-element-id=(string)0x55bbd19080, src-element=(string)libcamerasrc0, src=(string)src, sink-element-id=(string)0x55bbd6bc80, sink-element=(string)udpsink0, sink=(string)sink, time=(guint64)257472421, ts=(guint64)9885638445;
0:00:09.913593834   505   0x7f90001010 TRACE             GST_TRACER :0:: latency, src-element-id=(string)0x55bbd19080, src-element=(string)libcamerasrc0, src=(string)src, sink-element-id=(string)0x55bbd35510, sink-element=(string)fakesink0, sink=(string)sink, time=(guint64)350375, ts=(guint64)9913541148;
0:00:09.936720385   505   0x7f90000b70 TRACE             GST_TRACER :0:: latency, src-element-id=(string)0x55bbd19080, src-element=(string)libcamerasrc0, src=(string)src, sink-element-id=(string)0x55bbd3bd60, sink-element=(string)sink, sink=(string)sink, time=(guint64)23477686, ts=(guint64)9936668459;
0:00:09.939117913   505   0x7f90000dc0 TRACE             GST_TRACER :0:: latency, src-element-id=(string)0x55bbd19080, src-element=(string)libcamerasrc0, src=(string)src, sink-element-id=(string)0x55bbd6bc80, sink-element=(string)udpsink0, sink=(string)sink, time=(guint64)248730144, ts=(guint64)9938998616;
0:00:09.965798488   505   0x7f90001010 TRACE             GST_TRACER :0:: latency, src-element-id=(string)0x55bbd19080, src-element=(string)libcamerasrc0, src=(string)src, sink-element-id=(string)0x55bbd35510, sink-element=(string)fakesink0, sink=(string)sink, time=(guint64)281652, ts=(guint64)9965761451;
0:00:09.987218279   505   0x7f90000dc0 TRACE             GST_TRACER :0:: latency, src-element-id=(string)0x55bbd19080, src-element=(string)libcamerasrc0, src=(string)src, sink-element-id=(string)0x55bbd6bc80, sink-element=(string)udpsink0, sink=(string)sink, time=(guint64)241878202, ts=(guint64)9987146519;
0:00:09.987832027   505   0x7f90000b70 TRACE             GST_TRACER :0:: latency, src-element-id=(string)0x55bbd19080, src-element=(string)libcamerasrc0, src=(string)src, sink-element-id=(string)0x55bbd3bd60, sink-element=(string)sink, sink=(string)sink, time=(guint64)22295357, ts=(guint64)9987775156;
0:00:10.009449116   505   0x7f90001010 TRACE             GST_TRACER :0:: latency, src-element-id=(string)0x55bbd19080, src-element=(string)libcamerasrc0, src=(string)src, sink-element-id=(string)0x55bbd35510, sink-element=(string)fakesink0, sink=(string)sink, time=(guint64)275207, ts=(guint64)10009416986;
0:00:10.031749213   505   0x7f90000dc0 TRACE             GST_TRACER :0:: latency, src-element-id=(string)0x55bbd19080, src-element=(string)libcamerasrc0, src=(string)src, sink-element-id=(string)0x55bbd6bc80, sink-element=(string)udpsink0, sink=(string)sink, time=(guint64)222521832, ts=(guint64)10031687286;
0:00:10.048088295   505   0x7f90000b70 TRACE             GST_TRACER :0:: latency, src-element-id=(string)0x55bbd19080, src-element=(string)libcamerasrc0, src=(string)src, sink-element-id=(string)0x55bbd3bd60, sink-element=(string)sink, sink=(string)sink, time=(guint64)38894719, ts=(guint64)10048036498;
0:00:10.054177182   505   0x7f90001010 TRACE             GST_TRACER :0:: latency, src-element-id=(string)0x55bbd19080, src-element=(string)libcamerasrc0, src=(string)src, sink-element-id=(string)0x55bbd35510, sink-element=(string)fakesink0, sink=(string)sink, time=(guint64)229873, ts=(guint64)10054147626;
0:00:10.096513183   505   0x7f90000b70 TRACE             GST_TRACER :0:: latency, src-element-id=(string)0x55bbd19080, src-element=(string)libcamerasrc0, src=(string)src, sink-element-id=(string)0x55bbd3bd60, sink-element=(string)sink, sink=(string)sink, time=(guint64)42551503, ts=(guint64)10096469256;
0:00:10.102083193   505   0x7f90000dc0 TRACE             GST_TRACER :0:: latency, src-element-id=(string)0x55bbd19080, src-element=(string)libcamerasrc0, src=(string)src, sink-element-id=(string)0x55bbd6bc80, sink-element=(string)udpsink0, sink=(string)sink, time=(guint64)251918396, ts=(guint64)10101998748;
0:00:10.131347817   505   0x7f90001010 TRACE             GST_TRACER :0:: latency, src-element-id=(string)0x55bbd19080, src-element=(string)libcamerasrc0, src=(string)src, sink-element-id=(string)0x55bbd35510, sink-element=(string)fakesink0, sink=(string)sink, time=(guint64)477969, ts=(guint64)10131314280;
0:00:10.153974918   505   0x7f90000b70 TRACE             GST_TRACER :0:: latency, src-element-id=(string)0x55bbd19080, src-element=(string)libcamerasrc0, src=(string)src, sink-element-id=(string)0x55bbd3bd60, sink-element=(string)sink, sink=(string)sink, time=(guint64)23089718, ts=(guint64)10153926029;
Frames recibidos: 180
0:00:10.160974927   505   0x7f90000dc0 TRACE             GST_TRACER :0:: latency, src-element-id=(string)0x55bbd19080, src-element=(string)libcamerasrc0, src=(string)src, sink-element-id=(string)0x55bbd6bc80, sink-element=(string)udpsink0, sink=(string)sink, time=(guint64)247731672, ts=(guint64)10160922445;
0:00:10.185491550   505   0x7f90001010 TRACE             GST_TRACER :0:: latency, src-element-id=(string)0x55bbd19080, src-element=(string)libcamerasrc0, src=(string)src, sink-element-id=(string)0x55bbd35510, sink-element=(string)fakesink0, sink=(string)sink, time=(guint64)297781, ts=(guint64)10185455920;
0:00:10.214928269   505   0x7f90000b70 TRACE             GST_TRACER :0:: latency, src-element-id=(string)0x55bbd19080, src-element=(string)libcamerasrc0, src=(string)src, sink-element-id=(string)0x55bbd3bd60, sink-element=(string)sink, sink=(string)sink, time=(guint64)29708999, ts=(guint64)10214867138;
0:00:10.233076354   505   0x7f90000dc0 TRACE             GST_TRACER :0:: latency, src-element-id=(string)0x55bbd19080, src-element=(string)libcamerasrc0, src=(string)src, sink-element-id=(string)0x55bbd6bc80, sink-element=(string)udpsink0, sink=(string)sink, time=(guint64)267512146, ts=(guint64)10232991945;
0:00:10.261478190   505   0x7f90001010 TRACE             GST_TRACER :0:: latency, src-element-id=(string)0x55bbd19080, src-element=(string)libcamerasrc0, src=(string)src, sink-element-id=(string)0x55bbd35510, sink-element=(string)fakesink0, sink=(string)sink, time=(guint64)244799, ts=(guint64)10261435985;
0:00:10.278728857   505   0x7f90000b70 TRACE             GST_TRACER :0:: latency, src-element-id=(string)0x55bbd19080, src-element=(string)libcamerasrc0, src=(string)src, sink-element-id=(string)0x55bbd3bd60, sink-element=(string)sink, sink=(string)sink, time=(guint64)17485596, ts=(guint64)10278676782;
0:00:10.291794382   505   0x7f90000dc0 TRACE             GST_TRACER :0:: latency, src-element-id=(string)0x55bbd19080, src-element=(string)libcamerasrc0, src=(string)src, sink-element-id=(string)0x55bbd6bc80, sink-element=(string)udpsink0, sink=(string)sink, time=(guint64)282589120, ts=(guint64)10291730899;
0:00:10.318526179   505   0x7f90001010 TRACE             GST_TRACER :0:: latency, src-element-id=(string)0x55bbd19080, src-element=(string)libcamerasrc0, src=(string)src, sink-element-id=(string)0x55bbd35510, sink-element=(string)fakesink0, sink=(string)sink, time=(guint64)223521, ts=(guint64)10318482586;
0:00:10.339931988   505   0x7f90000b70 TRACE             GST_TRACER :0:: latency, src-element-id=(string)0x55bbd19080, src-element=(string)libcamerasrc0, src=(string)src, sink-element-id=(string)0x55bbd3bd60, sink-element=(string)sink, sink=(string)sink, time=(guint64)21603885, ts=(guint64)10339862950;
0:00:10.341648823   505   0x7f90000dc0 TRACE             GST_TRACER :0:: latency, src-element-id=(string)0x55bbd19080, src-element=(string)libcamerasrc0, src=(string)src, sink-element-id=(string)0x55bbd6bc80, sink-element=(string)udpsink0, sink=(string)sink, time=(guint64)287686384, ts=(guint64)10341604137;
0:00:10.366377431   505   0x7f90001010 TRACE             GST_TRACER :0:: latency, src-element-id=(string)0x55bbd19080, src-element=(string)libcamerasrc0, src=(string)src, sink-element-id=(string)0x55bbd35510, sink-element=(string)fakesink0, sink=(string)sink, time=(guint64)205614, ts=(guint64)10366335986;
0:00:10.384997151   505   0x7f90000b70 TRACE             GST_TRACER :0:: latency, src-element-id=(string)0x55bbd19080, src-element=(string)libcamerasrc0, src=(string)src, sink-element-id=(string)0x55bbd3bd60, sink-element=(string)sink, sink=(string)sink, time=(guint64)18769555, ts=(guint64)10384899927;
0:00:10.391886529   505   0x7f90000dc0 TRACE             GST_TRACER :0:: latency, src-element-id=(string)0x55bbd19080, src-element=(string)libcamerasrc0, src=(string)src, sink-element-id=(string)0x55bbd6bc80, sink-element=(string)udpsink0, sink=(string)sink, time=(guint64)260972180, ts=(guint64)10391808491;
0:00:10.413241707   505   0x7f90001010 TRACE             GST_TRACER :0:: latency, src-element-id=(string)0x55bbd19080, src-element=(string)libcamerasrc0, src=(string)src, sink-element-id=(string)0x55bbd35510, sink-element=(string)fakesink0, sink=(string)sink, time=(guint64)3678081, ts=(guint64)10413193244;
0:00:10.426919332   505   0x7f90000b70 TRACE             GST_TRACER :0:: latency, src-element-id=(string)0x55bbd19080, src-element=(string)libcamerasrc0, src=(string)src, sink-element-id=(string)0x55bbd3bd60, sink-element=(string)sink, sink=(string)sink, time=(guint64)17350576, ts=(guint64)10426865739;
0:00:10.437186750   505   0x7f90000dc0 TRACE             GST_TRACER :0:: latency, src-element-id=(string)0x55bbd19080, src-element=(string)libcamerasrc0, src=(string)src, sink-element-id=(string)0x55bbd6bc80, sink-element=(string)udpsink0, sink=(string)sink, time=(guint64)251956036, ts=(guint64)10437114175;
0:00:10.461253886   505   0x7f90001010 TRACE             GST_TRACER :0:: latency, src-element-id=(string)0x55bbd19080, src-element=(string)libcamerasrc0, src=(string)src, sink-element-id=(string)0x55bbd35510, sink-element=(string)fakesink0, sink=(string)sink, time=(guint64)2918645, ts=(guint64)10461198385;
0:00:10.477154871   505   0x7f90000b70 TRACE             GST_TRACER :0:: latency, src-element-id=(string)0x55bbd19080, src-element=(string)libcamerasrc0, src=(string)src, sink-element-id=(string)0x55bbd3bd60, sink-element=(string)sink, sink=(string)sink, time=(guint64)18828519, ts=(guint64)10477108259;
0:00:10.487554938   505   0x7f90000dc0 TRACE             GST_TRACER :0:: latency, src-element-id=(string)0x55bbd19080, src-element=(string)libcamerasrc0, src=(string)src, sink-element-id=(string)0x55bbd6bc80, sink-element=(string)udpsink0, sink=(string)sink, time=(guint64)226268658, ts=(guint64)10487459844;
0:00:10.510260947   505   0x7f90001010 TRACE             GST_TRACER :0:: latency, src-element-id=(string)0x55bbd19080, src-element=(string)libcamerasrc0, src=(string)src, sink-element-id=(string)0x55bbd35510, sink-element=(string)fakesink0, sink=(string)sink, time=(guint64)222799, ts=(guint64)10510217354;
0:00:10.547405535   505   0x7f90000dc0 TRACE             GST_TRACER :0:: latency, src-element-id=(string)0x55bbd19080, src-element=(string)libcamerasrc0, src=(string)src, sink-element-id=(string)0x55bbd6bc80, sink-element=(string)udpsink0, sink=(string)sink, time=(guint64)229087617, ts=(guint64)10547346682;
0:00:10.547826818   505   0x7f90000b70 TRACE             GST_TRACER :0:: latency, src-element-id=(string)0x55bbd19080, src-element=(string)libcamerasrc0, src=(string)src, sink-element-id=(string)0x55bbd3bd60, sink-element=(string)sink, sink=(string)sink, time=(guint64)37791818, ts=(guint64)10547786373;
0:00:10.566177627   505   0x7f90001010 TRACE             GST_TRACER :0:: latency, src-element-id=(string)0x55bbd19080, src-element=(string)libcamerasrc0, src=(string)src, sink-element-id=(string)0x55bbd35510, sink-element=(string)fakesink0, sink=(string)sink, time=(guint64)192021, ts=(guint64)10566143257;
0:00:10.608127920   505   0x7f90000dc0 TRACE             GST_TRACER :0:: latency, src-element-id=(string)0x55bbd19080, src-element=(string)libcamerasrc0, src=(string)src, sink-element-id=(string)0x55bbd6bc80, sink-element=(string)udpsink0, sink=(string)sink, time=(guint64)241944381, ts=(guint64)10608074753;
0:00:10.608969800   505   0x7f90000b70 TRACE             GST_TRACER :0:: latency, src-element-id=(string)0x55bbd19080, src-element=(string)libcamerasrc0, src=(string)src, sink-element-id=(string)0x55bbd3bd60, sink-element=(string)sink, sink=(string)sink, time=(guint64)42961230, ts=(guint64)10608912466;
0:00:10.630170051   505   0x7f90001010 TRACE             GST_TRACER :0:: latency, src-element-id=(string)0x55bbd19080, src-element=(string)libcamerasrc0, src=(string)src, sink-element-id=(string)0x55bbd35510, sink-element=(string)fakesink0, sink=(string)sink, time=(guint64)176724, ts=(guint64)10630132254;
0:00:10.665484969   505   0x7f90000dc0 TRACE             GST_TRACER :0:: latency, src-element-id=(string)0x55bbd19080, src-element=(string)libcamerasrc0, src=(string)src, sink-element-id=(string)0x55bbd6bc80, sink-element=(string)udpsink0, sink=(string)sink, time=(guint64)255896638, ts=(guint64)10665411801;
0:00:10.684594991   505   0x7f90001010 TRACE             GST_TRACER :0:: latency, src-element-id=(string)0x55bbd19080, src-element=(string)libcamerasrc0, src=(string)src, sink-element-id=(string)0x55bbd35510, sink-element=(string)fakesink0, sink=(string)sink, time=(guint64)191651, ts=(guint64)10684556324;
0:00:10.693733488   505   0x7f90000b70 TRACE             GST_TRACER :0:: latency, src-element-id=(string)0x55bbd19080, src-element=(string)libcamerasrc0, src=(string)src, sink-element-id=(string)0x55bbd3bd60, sink-element=(string)sink, sink=(string)sink, time=(guint64)63724717, ts=(guint64)10693680247;
0:00:10.708972539   505   0x7f90000dc0 TRACE             GST_TRACER :0:: latency, src-element-id=(string)0x55bbd19080, src-element=(string)libcamerasrc0, src=(string)src, sink-element-id=(string)0x55bbd6bc80, sink-element=(string)udpsink0, sink=(string)sink, time=(guint64)250633557, ts=(guint64)10708913297;
0:00:10.714356676   505   0x7f90000b70 TRACE             GST_TRACER :0:: latency, src-element-id=(string)0x55bbd19080, src-element=(string)libcamerasrc0, src=(string)src, sink-element-id=(string)0x55bbd3bd60, sink-element=(string)sink, sink=(string)sink, time=(guint64)29927725, ts=(guint64)10714292398;
0:00:10.733758202   505   0x7f90001010 TRACE             GST_TRACER :0:: latency, src-element-id=(string)0x55bbd19080, src-element=(string)libcamerasrc0, src=(string)src, sink-element-id=(string)0x55bbd35510, sink-element=(string)fakesink0, sink=(string)sink, time=(guint64)212910, ts=(guint64)10733721628;
0:00:10.754598301   505   0x7f90000dc0 TRACE             GST_TRACER :0:: latency, src-element-id=(string)0x55bbd19080, src-element=(string)libcamerasrc0, src=(string)src, sink-element-id=(string)0x55bbd6bc80, sink-element=(string)udpsink0, sink=(string)sink, time=(guint64)244547800, ts=(guint64)10754542355;
0:00:10.767133690   505   0x7f90000b70 TRACE             GST_TRACER :0:: latency, src-element-id=(string)0x55bbd19080, src-element=(string)libcamerasrc0, src=(string)src, sink-element-id=(string)0x55bbd3bd60, sink-element=(string)sink, sink=(string)sink, time=(guint64)33572860, ts=(guint64)10767081578;
0:00:10.777248069   505   0x7f90001010 TRACE             GST_TRACER :0:: latency, src-element-id=(string)0x55bbd19080, src-element=(string)libcamerasrc0, src=(string)src, sink-element-id=(string)0x55bbd35510, sink-element=(string)fakesink0, sink=(string)sink, time=(guint64)2987609, ts=(guint64)10777195901;
0:00:10.799953393   505   0x7f90000dc0 TRACE             GST_TRACER :0:: latency, src-element-id=(string)0x55bbd19080, src-element=(string)libcamerasrc0, src=(string)src, sink-element-id=(string)0x55bbd6bc80, sink-element=(string)udpsink0, sink=(string)sink, time=(guint64)233946675, ts=(guint64)10799897911;
0:00:10.819610459   505   0x7f90000b70 TRACE             GST_TRACER :0:: latency, src-element-id=(string)0x55bbd19080, src-element=(string)libcamerasrc0, src=(string)src, sink-element-id=(string)0x55bbd3bd60, sink-element=(string)sink, sink=(string)sink, time=(guint64)45345407, ts=(guint64)10819553699;
0:00:10.823079963   505   0x7f90001010 TRACE             GST_TRACER :0:: latency, src-element-id=(string)0x55bbd19080, src-element=(string)libcamerasrc0, src=(string)src, sink-element-id=(string)0x55bbd35510, sink-element=(string)fakesink0, sink=(string)sink, time=(guint64)212614, ts=(guint64)10823040481;
0:00:10.845351948   505   0x7f90000dc0 TRACE             GST_TRACER :0:: latency, src-element-id=(string)0x55bbd19080, src-element=(string)libcamerasrc0, src=(string)src, sink-element-id=(string)0x55bbd6bc80, sink-element=(string)udpsink0, sink=(string)sink, time=(guint64)215339399, ts=(guint64)10845294929;
0:00:10.848275186   505   0x7f90000b70 TRACE             GST_TRACER :0:: latency, src-element-id=(string)0x55bbd19080, src-element=(string)libcamerasrc0, src=(string)src, sink-element-id=(string)0x55bbd3bd60, sink-element=(string)sink, sink=(string)sink, time=(guint64)25392282, ts=(guint64)10848220149;
0:00:10.869330880   505   0x7f90001010 TRACE             GST_TRACER :0:: latency, src-element-id=(string)0x55bbd19080, src-element=(string)libcamerasrc0, src=(string)src, sink-element-id=(string)0x55bbd35510, sink-element=(string)fakesink0, sink=(string)sink, time=(guint64)2105229, ts=(guint64)10869250398;
0:00:10.891576310   505   0x7f90000dc0 TRACE             GST_TRACER :0:: latency, src-element-id=(string)0x55bbd19080, src-element=(string)libcamerasrc0, src=(string)src, sink-element-id=(string)0x55bbd6bc80, sink-element=(string)udpsink0, sink=(string)sink, time=(guint64)207154618, ts=(guint64)10891519291;
0:00:10.892443376   505   0x7f90000b70 TRACE             GST_TRACER :0:: latency, src-element-id=(string)0x55bbd19080, src-element=(string)libcamerasrc0, src=(string)src, sink-element-id=(string)0x55bbd3bd60, sink-element=(string)sink, sink=(string)sink, time=(guint64)25245299, ts=(guint64)10892390468;
0:00:10.917260500   505   0x7f90001010 TRACE             GST_TRACER :0:: latency, src-element-id=(string)0x55bbd19080, src-element=(string)libcamerasrc0, src=(string)src, sink-element-id=(string)0x55bbd35510, sink-element=(string)fakesink0, sink=(string)sink, time=(guint64)3719784, ts=(guint64)10917198925;
0:00:10.938083150   505   0x7f90000dc0 TRACE             GST_TRACER :0:: latency, src-element-id=(string)0x55bbd19080, src-element=(string)libcamerasrc0, src=(string)src, sink-element-id=(string)0x55bbd6bc80, sink-element=(string)udpsink0, sink=(string)sink, time=(guint64)204517691, ts=(guint64)10938026409;
0:00:10.965221300   505   0x7f90001010 TRACE             GST_TRACER :0:: latency, src-element-id=(string)0x55bbd19080, src-element=(string)libcamerasrc0, src=(string)src, sink-element-id=(string)0x55bbd35510, sink-element=(string)fakesink0, sink=(string)sink, time=(guint64)3653246, ts=(guint64)10965173225;
0:00:10.982956359   505   0x7f90000b70 TRACE             GST_TRACER :0:: latency, src-element-id=(string)0x55bbd19080, src-element=(string)libcamerasrc0, src=(string)src, sink-element-id=(string)0x55bbd3bd60, sink-element=(string)sink, sink=(string)sink, time=(guint64)69427588, ts=(guint64)10982906729;
0:00:10.987507079   505   0x7f90000dc0 TRACE             GST_TRACER :0:: latency, src-element-id=(string)0x55bbd19080, src-element=(string)libcamerasrc0, src=(string)src, sink-element-id=(string)0x55bbd6bc80, sink-element=(string)udpsink0, sink=(string)sink, time=(guint64)213240453, ts=(guint64)10987448745;
0:00:11.003687323   505   0x7f90000b70 TRACE             GST_TRACER :0:: latency, src-element-id=(string)0x55bbd19080, src-element=(string)libcamerasrc0, src=(string)src, sink-element-id=(string)0x55bbd3bd60, sink-element=(string)sink, sink=(string)sink, time=(guint64)42110936, ts=(guint64)11003630915;
0:00:11.010235825   505   0x7f90001010 TRACE             GST_TRACER :0:: latency, src-element-id=(string)0x55bbd19080, src-element=(string)libcamerasrc0, src=(string)src, sink-element-id=(string)0x55bbd35510, sink-element=(string)fakesink0, sink=(string)sink, time=(guint64)205984, ts=(guint64)11010196973;
0:00:11.034202512   505   0x7f90000dc0 TRACE             GST_TRACER :0:: latency, src-element-id=(string)0x55bbd19080, src-element=(string)libcamerasrc0, src=(string)src, sink-element-id=(string)0x55bbd6bc80, sink-element=(string)udpsink0, sink=(string)sink, time=(guint64)211319997, ts=(guint64)11034147864;
0:00:11.038512563   505   0x7f90000b70 TRACE             GST_TRACER :0:: latency, src-element-id=(string)0x55bbd19080, src-element=(string)libcamerasrc0, src=(string)src, sink-element-id=(string)0x55bbd3bd60, sink-element=(string)sink, sink=(string)sink, time=(guint64)28461388, ts=(guint64)11038452377;
0:00:11.054642992   505   0x7f90001010 TRACE             GST_TRACER :0:: latency, src-element-id=(string)0x55bbd19080, src-element=(string)libcamerasrc0, src=(string)src, sink-element-id=(string)0x55bbd35510, sink-element=(string)fakesink0, sink=(string)sink, time=(guint64)188428, ts=(guint64)11054610528;
0:00:11.080011658   505   0x7f90000dc0 TRACE             GST_TRACER :0:: latency, src-element-id=(string)0x55bbd19080, src-element=(string)libcamerasrc0, src=(string)src, sink-element-id=(string)0x55bbd6bc80, sink-element=(string)udpsink0, sink=(string)sink, time=(guint64)212814785, ts=(guint64)11079959954;
0:00:11.089307248   505   0x7f90000b70 TRACE             GST_TRACER :0:: latency, src-element-id=(string)0x55bbd19080, src-element=(string)libcamerasrc0, src=(string)src, sink-element-id=(string)0x55bbd3bd60, sink-element=(string)sink, sink=(string)sink, time=(guint64)34783869, ts=(guint64)11089205969;
0:00:11.105619883   505   0x7f90001010 TRACE             GST_TRACER :0:: latency, src-element-id=(string)0x55bbd19080, src-element=(string)libcamerasrc0, src=(string)src, sink-element-id=(string)0x55bbd35510, sink-element=(string)fakesink0, sink=(string)sink, time=(guint64)195484, ts=(guint64)11105584493;
0:00:11.129375141   505   0x7f90000dc0 TRACE             GST_TRACER :0:: latency, src-element-id=(string)0x55bbd19080, src-element=(string)libcamerasrc0, src=(string)src, sink-element-id=(string)0x55bbd6bc80, sink-element=(string)udpsink0, sink=(string)sink, time=(guint64)215843888, ts=(guint64)11129323029;
0:00:11.143891181   505   0x7f90000b70 TRACE             GST_TRACER :0:: latency, src-element-id=(string)0x55bbd19080, src-element=(string)libcamerasrc0, src=(string)src, sink-element-id=(string)0x55bbd3bd60, sink-element=(string)sink, sink=(string)sink, time=(guint64)38451227, ts=(guint64)11143840236;
0:00:11.150042142   505   0x7f90001010 TRACE             GST_TRACER :0:: latency, src-element-id=(string)0x55bbd19080, src-element=(string)libcamerasrc0, src=(string)src, sink-element-id=(string)0x55bbd35510, sink-element=(string)fakesink0, sink=(string)sink, time=(guint64)187891, ts=(guint64)11150006826;
0:00:11.177686723   505   0x7f90000dc0 TRACE             GST_TRACER :0:: latency, src-element-id=(string)0x55bbd19080, src-element=(string)libcamerasrc0, src=(string)src, sink-element-id=(string)0x55bbd6bc80, sink-element=(string)udpsink0, sink=(string)sink, time=(guint64)216107744, ts=(guint64)11177627723;
0:00:11.185616316   505   0x7f90000b70 TRACE             GST_TRACER :0:: latency, src-element-id=(string)0x55bbd19080, src-element=(string)libcamerasrc0, src=(string)src, sink-element-id=(string)0x55bbd3bd60, sink-element=(string)sink, sink=(string)sink, time=(guint64)35662842, ts=(guint64)11185481777;
0:00:11.205566511   505   0x7f90001010 TRACE             GST_TRACER :0:: latency, src-element-id=(string)0x55bbd19080, src-element=(string)libcamerasrc0, src=(string)src, sink-element-id=(string)0x55bbd35510, sink-element=(string)fakesink0, sink=(string)sink, time=(guint64)336356, ts=(guint64)11205520011;
0:00:11.234113863   505   0x7f90000dc0 TRACE             GST_TRACER :0:: latency, src-element-id=(string)0x55bbd19080, src-element=(string)libcamerasrc0, src=(string)src, sink-element-id=(string)0x55bbd6bc80, sink-element=(string)udpsink0, sink=(string)sink, time=(guint64)224066892, ts=(guint64)11234057881;
0:00:11.242862798   505   0x7f90000b70 TRACE             GST_TRACER :0:: latency, src-element-id=(string)0x55bbd19080, src-element=(string)libcamerasrc0, src=(string)src, sink-element-id=(string)0x55bbd3bd60, sink-element=(string)sink, sink=(string)sink, time=(guint64)37622124, ts=(guint64)11242805779;
0:00:11.255317944   505   0x7f90001010 TRACE             GST_TRACER :0:: latency, src-element-id=(string)0x55bbd19080, src-element=(string)libcamerasrc0, src=(string)src, sink-element-id=(string)0x55bbd35510, sink-element=(string)fakesink0, sink=(string)sink, time=(guint64)572914, ts=(guint64)11255269702;
0:00:11.281394100   505   0x7f90000dc0 TRACE             GST_TRACER :0:: latency, src-element-id=(string)0x55bbd19080, src-element=(string)libcamerasrc0, src=(string)src, sink-element-id=(string)0x55bbd6bc80, sink-element=(string)udpsink0, sink=(string)sink, time=(guint64)226893906, ts=(guint64)11281316006;
0:00:11.290231277   505   0x7f90000b70 TRACE             GST_TRACER :0:: latency, src-element-id=(string)0x55bbd19080, src-element=(string)libcamerasrc0, src=(string)src, sink-element-id=(string)0x55bbd3bd60, sink-element=(string)sink, sink=(string)sink, time=(guint64)35456673, ts=(guint64)11290153461;
0:00:11.305448010   505   0x7f90001010 TRACE             GST_TRACER :0:: latency, src-element-id=(string)0x55bbd19080, src-element=(string)libcamerasrc0, src=(string)src, sink-element-id=(string)0x55bbd35510, sink-element=(string)fakesink0, sink=(string)sink, time=(guint64)272114, ts=(guint64)11305413102;
0:00:11.332025691   505   0x7f90000b70 TRACE             GST_TRACER :0:: latency, src-element-id=(string)0x55bbd19080, src-element=(string)libcamerasrc0, src=(string)src, sink-element-id=(string)0x55bbd3bd60, sink-element=(string)sink, sink=(string)sink, time=(guint64)26830702, ts=(guint64)11331971690;
0:00:11.332373361   505   0x7f90000dc0 TRACE             GST_TRACER :0:: latency, src-element-id=(string)0x55bbd19080, src-element=(string)libcamerasrc0, src=(string)src, sink-element-id=(string)0x55bbd6bc80, sink-element=(string)udpsink0, sink=(string)sink, time=(guint64)226952444, ts=(guint64)11332341453;
0:00:11.361591869   505   0x7f90001010 TRACE             GST_TRACER :0:: latency, src-element-id=(string)0x55bbd19080, src-element=(string)libcamerasrc0, src=(string)src, sink-element-id=(string)0x55bbd35510, sink-element=(string)fakesink0, sink=(string)sink, time=(guint64)377764, ts=(guint64)11361546998;
0:00:11.385137940   505   0x7f90000dc0 TRACE             GST_TRACER :0:: latency, src-element-id=(string)0x55bbd19080, src-element=(string)libcamerasrc0, src=(string)src, sink-element-id=(string)0x55bbd6bc80, sink-element=(string)udpsink0, sink=(string)sink, time=(guint64)235257800, ts=(guint64)11385076735;
0:00:11.387785582   505   0x7f90000b70 TRACE             GST_TRACER :0:: latency, src-element-id=(string)0x55bbd19080, src-element=(string)libcamerasrc0, src=(string)src, sink-element-id=(string)0x55bbd3bd60, sink-element=(string)sink, sink=(string)sink, time=(guint64)26558829, ts=(guint64)11387728063;
0:00:11.413537401   505   0x7f90001010 TRACE             GST_TRACER :0:: latency, src-element-id=(string)0x55bbd19080, src-element=(string)libcamerasrc0, src=(string)src, sink-element-id=(string)0x55bbd35510, sink-element=(string)fakesink0, sink=(string)sink, time=(guint64)327263, ts=(guint64)11413495345;
0:00:11.429444642   505   0x7f90000dc0 TRACE             GST_TRACER :0:: latency, src-element-id=(string)0x55bbd19080, src-element=(string)libcamerasrc0, src=(string)src, sink-element-id=(string)0x55bbd6bc80, sink-element=(string)udpsink0, sink=(string)sink, time=(guint64)224183504, ts=(guint64)11429367159;
0:00:11.440369417   505   0x7f90000b70 TRACE             GST_TRACER :0:: latency, src-element-id=(string)0x55bbd19080, src-element=(string)libcamerasrc0, src=(string)src, sink-element-id=(string)0x55bbd3bd60, sink-element=(string)sink, sink=(string)sink, time=(guint64)27145483, ts=(guint64)11440313565;
0:00:11.453427311   505   0x7f90001010 TRACE             GST_TRACER :0:: latency, src-element-id=(string)0x55bbd19080, src-element=(string)libcamerasrc0, src=(string)src, sink-element-id=(string)0x55bbd35510, sink-element=(string)fakesink0, sink=(string)sink, time=(guint64)3951009, ts=(guint64)11453380310;
0:00:11.477539981   505   0x7f90000dc0 TRACE             GST_TRACER :0:: latency, src-element-id=(string)0x55bbd19080, src-element=(string)libcamerasrc0, src=(string)src, sink-element-id=(string)0x55bbd6bc80, sink-element=(string)udpsink0, sink=(string)sink, time=(guint64)222787507, ts=(guint64)11477484295;
0:00:11.480293624   505   0x7f90000b70 TRACE             GST_TRACER :0:: latency, src-element-id=(string)0x55bbd19080, src-element=(string)libcamerasrc0, src=(string)src, sink-element-id=(string)0x55bbd3bd60, sink-element=(string)sink, sink=(string)sink, time=(guint64)30777359, ts=(guint64)11480206660;
0:00:11.509537558   505   0x7f90001010 TRACE             GST_TRACER :0:: latency, src-element-id=(string)0x55bbd19080, src-element=(string)libcamerasrc0, src=(string)src, sink-element-id=(string)0x55bbd35510, sink-element=(string)fakesink0, sink=(string)sink, time=(guint64)314819, ts=(guint64)11509493261;
0:00:11.524642882   505   0x7f90000dc0 TRACE             GST_TRACER :0:: latency, src-element-id=(string)0x55bbd19080, src-element=(string)libcamerasrc0, src=(string)src, sink-element-id=(string)0x55bbd6bc80, sink-element=(string)udpsink0, sink=(string)sink, time=(guint64)219449838, ts=(guint64)11524590826;
0:00:11.529460957   505   0x7f90000b70 TRACE             GST_TRACER :0:: latency, src-element-id=(string)0x55bbd19080, src-element=(string)libcamerasrc0, src=(string)src, sink-element-id=(string)0x55bbd3bd60, sink-element=(string)sink, sink=(string)sink, time=(guint64)20216810, ts=(guint64)11529395252;
0:00:11.549544506   505   0x7f90001010 TRACE             GST_TRACER :0:: latency, src-element-id=(string)0x55bbd19080, src-element=(string)libcamerasrc0, src=(string)src, sink-element-id=(string)0x55bbd35510, sink-element=(string)fakesink0, sink=(string)sink, time=(guint64)327782, ts=(guint64)11549499024;
0:00:11.578132543   505   0x7f90000dc0 TRACE             GST_TRACER :0:: latency, src-element-id=(string)0x55bbd19080, src-element=(string)libcamerasrc0, src=(string)src, sink-element-id=(string)0x55bbd6bc80, sink-element=(string)udpsink0, sink=(string)sink, time=(guint64)216909068, ts=(guint64)11578078302;
0:00:11.582814487   505   0x7f90000b70 TRACE             GST_TRACER :0:: latency, src-element-id=(string)0x55bbd19080, src-element=(string)libcamerasrc0, src=(string)src, sink-element-id=(string)0x55bbd3bd60, sink-element=(string)sink, sink=(string)sink, time=(guint64)33562447, ts=(guint64)11582733689;
0:00:11.609444594   505   0x7f90001010 TRACE             GST_TRACER :0:: latency, src-element-id=(string)0x55bbd19080, src-element=(string)libcamerasrc0, src=(string)src, sink-element-id=(string)0x55bbd35510, sink-element=(string)fakesink0, sink=(string)sink, time=(guint64)274114, ts=(guint64)11609409686;
0:00:11.637888685   505   0x7f90000b70 TRACE             GST_TRACER :0:: latency, src-element-id=(string)0x55bbd19080, src-element=(string)libcamerasrc0, src=(string)src, sink-element-id=(string)0x55bbd3bd60, sink-element=(string)sink, sink=(string)sink, time=(guint64)28705038, ts=(guint64)11637840610;
0:00:11.644708672   505   0x7f90000dc0 TRACE             GST_TRACER :0:: latency, src-element-id=(string)0x55bbd19080, src-element=(string)libcamerasrc0, src=(string)src, sink-element-id=(string)0x55bbd6bc80, sink-element=(string)udpsink0, sink=(string)sink, time=(guint64)231467978, ts=(guint64)11644636060;
0:00:11.669483035   505   0x7f90001010 TRACE             GST_TRACER :0:: latency, src-element-id=(string)0x55bbd19080, src-element=(string)libcamerasrc0, src=(string)src, sink-element-id=(string)0x55bbd35510, sink-element=(string)fakesink0, sink=(string)sink, time=(guint64)282614, ts=(guint64)11669449090;
0:00:11.694074877   505   0x7f90000b70 TRACE             GST_TRACER :0:: latency, src-element-id=(string)0x55bbd19080, src-element=(string)libcamerasrc0, src=(string)src, sink-element-id=(string)0x55bbd3bd60, sink-element=(string)sink, sink=(string)sink, time=(guint64)24859030, ts=(guint64)11694025506;
Frames recibidos: 210
0:00:11.708263487   505   0x7f90000dc0 TRACE             GST_TRACER :0:: latency, src-element-id=(string)0x55bbd19080, src-element=(string)libcamerasrc0, src=(string)src, sink-element-id=(string)0x55bbd6bc80, sink-element=(string)udpsink0, sink=(string)sink, time=(guint64)258766445, ts=(guint64)11708195746;
0:00:11.733606024   505   0x7f90001010 TRACE             GST_TRACER :0:: latency, src-element-id=(string)0x55bbd19080, src-element=(string)libcamerasrc0, src=(string)src, sink-element-id=(string)0x55bbd35510, sink-element=(string)fakesink0, sink=(string)sink, time=(guint64)386116, ts=(guint64)11733556986;
0:00:11.753527349   505   0x7f90000dc0 TRACE             GST_TRACER :0:: latency, src-element-id=(string)0x55bbd19080, src-element=(string)libcamerasrc0, src=(string)src, sink-element-id=(string)0x55bbd6bc80, sink-element=(string)udpsink0, sink=(string)sink, time=(guint64)244296925, ts=(guint64)11753475367;
0:00:11.763274574   505   0x7f90000b70 TRACE             GST_TRACER :0:: latency, src-element-id=(string)0x55bbd19080, src-element=(string)libcamerasrc0, src=(string)src, sink-element-id=(string)0x55bbd3bd60, sink-element=(string)sink, sink=(string)sink, time=(guint64)30034499, ts=(guint64)11763205369;
0:00:11.782304110   505   0x7f90001010 TRACE             GST_TRACER :0:: latency, src-element-id=(string)0x55bbd19080, src-element=(string)libcamerasrc0, src=(string)src, sink-element-id=(string)0x55bbd35510, sink-element=(string)fakesink0, sink=(string)sink, time=(guint64)281818, ts=(guint64)11782267147;
0:00:11.805401065   505   0x7f90000dc0 TRACE             GST_TRACER :0:: latency, src-element-id=(string)0x55bbd19080, src-element=(string)libcamerasrc0, src=(string)src, sink-element-id=(string)0x55bbd6bc80, sink-element=(string)udpsink0, sink=(string)sink, time=(guint64)256163618, ts=(guint64)11805334860;
0:00:11.811629897   505   0x7f90000b70 TRACE             GST_TRACER :0:: latency, src-element-id=(string)0x55bbd19080, src-element=(string)libcamerasrc0, src=(string)src, sink-element-id=(string)0x55bbd3bd60, sink-element=(string)sink, sink=(string)sink, time=(guint64)29564197, ts=(guint64)11811549526;
0:00:11.833203074   505   0x7f90001010 TRACE             GST_TRACER :0:: latency, src-element-id=(string)0x55bbd19080, src-element=(string)libcamerasrc0, src=(string)src, sink-element-id=(string)0x55bbd35510, sink-element=(string)fakesink0, sink=(string)sink, time=(guint64)3700729, ts=(guint64)11833148315;
0:00:11.852112277   505   0x7f90000dc0 TRACE             GST_TRACER :0:: latency, src-element-id=(string)0x55bbd19080, src-element=(string)libcamerasrc0, src=(string)src, sink-element-id=(string)0x55bbd6bc80, sink-element=(string)udpsink0, sink=(string)sink, time=(guint64)242915019, ts=(guint64)11852050591;
0:00:11.853409181   505   0x7f90000b70 TRACE             GST_TRACER :0:: latency, src-element-id=(string)0x55bbd19080, src-element=(string)libcamerasrc0, src=(string)src, sink-element-id=(string)0x55bbd3bd60, sink-element=(string)sink, sink=(string)sink, time=(guint64)23907687, ts=(guint64)11853355273;
0:00:11.881614028   505   0x7f90001010 TRACE             GST_TRACER :0:: latency, src-element-id=(string)0x55bbd19080, src-element=(string)libcamerasrc0, src=(string)src, sink-element-id=(string)0x55bbd35510, sink-element=(string)fakesink0, sink=(string)sink, time=(guint64)313745, ts=(guint64)11881571417;
0:00:11.896412145   505   0x7f90000dc0 TRACE             GST_TRACER :0:: latency, src-element-id=(string)0x55bbd19080, src-element=(string)libcamerasrc0, src=(string)src, sink-element-id=(string)0x55bbd6bc80, sink-element=(string)udpsink0, sink=(string)sink, time=(guint64)227175354, ts=(guint64)11896341830;
0:00:11.905649363   505   0x7f90000b70 TRACE             GST_TRACER :0:: latency, src-element-id=(string)0x55bbd19080, src-element=(string)libcamerasrc0, src=(string)src, sink-element-id=(string)0x55bbd3bd60, sink-element=(string)sink, sink=(string)sink, time=(guint64)24331524, ts=(guint64)11905589196;
0:00:11.915311086   505   0x7f90001010 TRACE             GST_TRACER :0:: latency, src-element-id=(string)0x55bbd19080, src-element=(string)libcamerasrc0, src=(string)src, sink-element-id=(string)0x55bbd35510, sink-element=(string)fakesink0, sink=(string)sink, time=(guint64)267151, ts=(guint64)11915276363;
0:00:11.938323054   505   0x7f90000dc0 TRACE             GST_TRACER :0:: latency, src-element-id=(string)0x55bbd19080, src-element=(string)libcamerasrc0, src=(string)src, sink-element-id=(string)0x55bbd6bc80, sink-element=(string)udpsink0, sink=(string)sink, time=(guint64)205097424, ts=(guint64)11938268294;
0:00:11.944867018   505   0x7f90000b70 TRACE             GST_TRACER :0:: latency, src-element-id=(string)0x55bbd19080, src-element=(string)libcamerasrc0, src=(string)src, sink-element-id=(string)0x55bbd3bd60, sink-element=(string)sink, sink=(string)sink, time=(guint64)29793102, ts=(guint64)11944802314;
0:00:11.962338664   505   0x7f90001010 TRACE             GST_TRACER :0:: latency, src-element-id=(string)0x55bbd19080, src-element=(string)libcamerasrc0, src=(string)src, sink-element-id=(string)0x55bbd35510, sink-element=(string)fakesink0, sink=(string)sink, time=(guint64)265577, ts=(guint64)11962301497;
0:00:11.978455220   505   0x7f90000dc0 TRACE             GST_TRACER :0:: latency, src-element-id=(string)0x55bbd19080, src-element=(string)libcamerasrc0, src=(string)src, sink-element-id=(string)0x55bbd6bc80, sink-element=(string)udpsink0, sink=(string)sink, time=(guint64)196400242, ts=(guint64)11978385571;
0:00:11.989868258   505   0x7f90000b70 TRACE             GST_TRACER :0:: latency, src-element-id=(string)0x55bbd19080, src-element=(string)libcamerasrc0, src=(string)src, sink-element-id=(string)0x55bbd3bd60, sink-element=(string)sink, sink=(string)sink, time=(guint64)27785097, ts=(guint64)11989821017;
0:00:12.006217465   505   0x7f90001010 TRACE             GST_TRACER :0:: latency, src-element-id=(string)0x55bbd19080, src-element=(string)libcamerasrc0, src=(string)src, sink-element-id=(string)0x55bbd35510, sink-element=(string)fakesink0, sink=(string)sink, time=(guint64)273911, ts=(guint64)12006177261;
0:00:12.027570507   505   0x7f90000dc0 TRACE             GST_TRACER :0:: latency, src-element-id=(string)0x55bbd19080, src-element=(string)libcamerasrc0, src=(string)src, sink-element-id=(string)0x55bbd6bc80, sink-element=(string)udpsink0, sink=(string)sink, time=(guint64)198063902, ts=(guint64)12027511488;
0:00:12.027789065   505   0x7f90000b70 TRACE             GST_TRACER :0:: latency, src-element-id=(string)0x55bbd19080, src-element=(string)libcamerasrc0, src=(string)src, sink-element-id=(string)0x55bbd3bd60, sink-element=(string)sink, sink=(string)sink, time=(guint64)21855974, ts=(guint64)12027759324;
0:00:12.061139615   505   0x7f90001010 TRACE             GST_TRACER :0:: latency, src-element-id=(string)0x55bbd19080, src-element=(string)libcamerasrc0, src=(string)src, sink-element-id=(string)0x55bbd35510, sink-element=(string)fakesink0, sink=(string)sink, time=(guint64)701082, ts=(guint64)12061077707;
0:00:12.082633603   505   0x7f90000b70 TRACE             GST_TRACER :0:: latency, src-element-id=(string)0x55bbd19080, src-element=(string)libcamerasrc0, src=(string)src, sink-element-id=(string)0x55bbd3bd60, sink-element=(string)sink, sink=(string)sink, time=(guint64)22209052, ts=(guint64)12082585677;
0:00:12.085217726   505   0x7f90000dc0 TRACE             GST_TRACER :0:: latency, src-element-id=(string)0x55bbd19080, src-element=(string)libcamerasrc0, src=(string)src, sink-element-id=(string)0x55bbd6bc80, sink-element=(string)udpsink0, sink=(string)sink, time=(guint64)203912331, ts=(guint64)12085170003;
0:00:12.109487042   505   0x7f90001010 TRACE             GST_TRACER :0:: latency, src-element-id=(string)0x55bbd19080, src-element=(string)libcamerasrc0, src=(string)src, sink-element-id=(string)0x55bbd35510, sink-element=(string)fakesink0, sink=(string)sink, time=(guint64)293578, ts=(guint64)12109452116;
0:00:12.133832248   505   0x7f90000dc0 TRACE             GST_TRACER :0:: latency, src-element-id=(string)0x55bbd19080, src-element=(string)libcamerasrc0, src=(string)src, sink-element-id=(string)0x55bbd6bc80, sink-element=(string)udpsink0, sink=(string)sink, time=(guint64)218759387, ts=(guint64)12133768599;
0:00:12.136524594   505   0x7f90000b70 TRACE             GST_TRACER :0:: latency, src-element-id=(string)0x55bbd19080, src-element=(string)libcamerasrc0, src=(string)src, sink-element-id=(string)0x55bbd3bd60, sink-element=(string)sink, sink=(string)sink, time=(guint64)27308388, ts=(guint64)12136466926;
0:00:12.152324590   505   0x7f90001010 TRACE             GST_TRACER :0:: latency, src-element-id=(string)0x55bbd19080, src-element=(string)libcamerasrc0, src=(string)src, sink-element-id=(string)0x55bbd35510, sink-element=(string)fakesink0, sink=(string)sink, time=(guint64)255799, ts=(guint64)12152293553;
0:00:12.183694099   505   0x7f90000dc0 TRACE             GST_TRACER :0:: latency, src-element-id=(string)0x55bbd19080, src-element=(string)libcamerasrc0, src=(string)src, sink-element-id=(string)0x55bbd6bc80, sink-element=(string)udpsink0, sink=(string)sink, time=(guint64)221610660, ts=(guint64)12183646580;
0:00:12.187007619   505   0x7f90000b70 TRACE             GST_TRACER :0:: latency, src-element-id=(string)0x55bbd19080, src-element=(string)libcamerasrc0, src=(string)src, sink-element-id=(string)0x55bbd3bd60, sink-element=(string)sink, sink=(string)sink, time=(guint64)34885308, ts=(guint64)12186923062;
0:00:12.205487461   505   0x7f90001010 TRACE             GST_TRACER :0:: latency, src-element-id=(string)0x55bbd19080, src-element=(string)libcamerasrc0, src=(string)src, sink-element-id=(string)0x55bbd35510, sink-element=(string)fakesink0, sink=(string)sink, time=(guint64)273799, ts=(guint64)12205452183;
0:00:12.233191150   505   0x7f90000dc0 TRACE             GST_TRACER :0:: latency, src-element-id=(string)0x55bbd19080, src-element=(string)libcamerasrc0, src=(string)src, sink-element-id=(string)0x55bbd6bc80, sink-element=(string)udpsink0, sink=(string)sink, time=(guint64)227240744, ts=(guint64)12233144094;
0:00:12.237238678   505   0x7f90000b70 TRACE             GST_TRACER :0:: latency, src-element-id=(string)0x55bbd19080, src-element=(string)libcamerasrc0, src=(string)src, sink-element-id=(string)0x55bbd3bd60, sink-element=(string)sink, sink=(string)sink, time=(guint64)31997275, ts=(guint64)12237175659;
0:00:12.262840306   505   0x7f90001010 TRACE             GST_TRACER :0:: latency, src-element-id=(string)0x55bbd19080, src-element=(string)libcamerasrc0, src=(string)src, sink-element-id=(string)0x55bbd35510, sink-element=(string)fakesink0, sink=(string)sink, time=(guint64)989122, ts=(guint64)12262800935;
0:00:12.284955764   505   0x7f90000b70 TRACE             GST_TRACER :0:: latency, src-element-id=(string)0x55bbd19080, src-element=(string)libcamerasrc0, src=(string)src, sink-element-id=(string)0x55bbd3bd60, sink-element=(string)sink, sink=(string)sink, time=(guint64)23073988, ts=(guint64)12284885801;
0:00:12.285306157   505   0x7f90000dc0 TRACE             GST_TRACER :0:: latency, src-element-id=(string)0x55bbd19080, src-element=(string)libcamerasrc0, src=(string)src, sink-element-id=(string)0x55bbd6bc80, sink-element=(string)udpsink0, sink=(string)sink, time=(guint64)224895328, ts=(guint64)12285271953;
0:00:12.300598667   505   0x7f90001010 TRACE             GST_TRACER :0:: latency, src-element-id=(string)0x55bbd19080, src-element=(string)libcamerasrc0, src=(string)src, sink-element-id=(string)0x55bbd35510, sink-element=(string)fakesink0, sink=(string)sink, time=(guint64)308152, ts=(guint64)12300557703;
0:00:12.318268444   505   0x7f90000b70 TRACE             GST_TRACER :0:: latency, src-element-id=(string)0x55bbd19080, src-element=(string)libcamerasrc0, src=(string)src, sink-element-id=(string)0x55bbd3bd60, sink-element=(string)sink, sink=(string)sink, time=(guint64)17965448, ts=(guint64)12318214999;
0:00:12.331356965   505   0x7f90000dc0 TRACE             GST_TRACER :0:: latency, src-element-id=(string)0x55bbd19080, src-element=(string)libcamerasrc0, src=(string)src, sink-element-id=(string)0x55bbd6bc80, sink-element=(string)udpsink0, sink=(string)sink, time=(guint64)222144648, ts=(guint64)12331303186;
0:00:12.350367165   505   0x7f90001010 TRACE             GST_TRACER :0:: latency, src-element-id=(string)0x55bbd19080, src-element=(string)libcamerasrc0, src=(string)src, sink-element-id=(string)0x55bbd35510, sink-element=(string)fakesink0, sink=(string)sink, time=(guint64)348504, ts=(guint64)12350321090;
0:00:12.367887385   505   0x7f90000b70 TRACE             GST_TRACER :0:: latency, src-element-id=(string)0x55bbd19080, src-element=(string)libcamerasrc0, src=(string)src, sink-element-id=(string)0x55bbd3bd60, sink-element=(string)sink, sink=(string)sink, time=(guint64)17862687, ts=(guint64)12367835273;
0:00:12.377212455   505   0x7f90000dc0 TRACE             GST_TRACER :0:: latency, src-element-id=(string)0x55bbd19080, src-element=(string)libcamerasrc0, src=(string)src, sink-element-id=(string)0x55bbd6bc80, sink-element=(string)udpsink0, sink=(string)sink, time=(guint64)225095238, ts=(guint64)12377132992;
0:00:12.395207959   505   0x7f90001010 TRACE             GST_TRACER :0:: latency, src-element-id=(string)0x55bbd19080, src-element=(string)libcamerasrc0, src=(string)src, sink-element-id=(string)0x55bbd35510, sink-element=(string)fakesink0, sink=(string)sink, time=(guint64)309503, ts=(guint64)12395167273;
0:00:12.413288037   505   0x7f90000b70 TRACE             GST_TRACER :0:: latency, src-element-id=(string)0x55bbd19080, src-element=(string)libcamerasrc0, src=(string)src, sink-element-id=(string)0x55bbd3bd60, sink-element=(string)sink, sink=(string)sink, time=(guint64)18374859, ts=(guint64)12413232629;
0:00:12.428374025   505   0x7f90000dc0 TRACE             GST_TRACER :0:: latency, src-element-id=(string)0x55bbd19080, src-element=(string)libcamerasrc0, src=(string)src, sink-element-id=(string)0x55bbd6bc80, sink-element=(string)udpsink0, sink=(string)sink, time=(guint64)223144604, ts=(guint64)12428322988;
0:00:12.446275843   505   0x7f90001010 TRACE             GST_TRACER :0:: latency, src-element-id=(string)0x55bbd19080, src-element=(string)libcamerasrc0, src=(string)src, sink-element-id=(string)0x55bbd35510, sink-element=(string)fakesink0, sink=(string)sink, time=(guint64)296281, ts=(guint64)12446236935;
0:00:12.463915212   505   0x7f90000b70 TRACE             GST_TRACER :0:: latency, src-element-id=(string)0x55bbd19080, src-element=(string)libcamerasrc0, src=(string)src, sink-element-id=(string)0x55bbd3bd60, sink-element=(string)sink, sink=(string)sink, time=(guint64)17913372, ts=(guint64)12463854026;
0:00:12.477411423   505   0x7f90000dc0 TRACE             GST_TRACER :0:: latency, src-element-id=(string)0x55bbd19080, src-element=(string)libcamerasrc0, src=(string)src, sink-element-id=(string)0x55bbd6bc80, sink-element=(string)udpsink0, sink=(string)sink, time=(guint64)215522850, ts=(guint64)12477334663;
0:00:12.496654774   505   0x7f90001010 TRACE             GST_TRACER :0:: latency, src-element-id=(string)0x55bbd19080, src-element=(string)libcamerasrc0, src=(string)src, sink-element-id=(string)0x55bbd35510, sink-element=(string)fakesink0, sink=(string)sink, time=(guint64)329226, ts=(guint64)12496606181;
0:00:12.515202469   505   0x7f90000b70 TRACE             GST_TRACER :0:: latency, src-element-id=(string)0x55bbd19080, src-element=(string)libcamerasrc0, src=(string)src, sink-element-id=(string)0x55bbd3bd60, sink-element=(string)sink, sink=(string)sink, time=(guint64)18866458, ts=(guint64)12515143413;
0:00:12.525249992   505   0x7f90000dc0 TRACE             GST_TRACER :0:: latency, src-element-id=(string)0x55bbd19080, src-element=(string)libcamerasrc0, src=(string)src, sink-element-id=(string)0x55bbd6bc80, sink-element=(string)udpsink0, sink=(string)sink, time=(guint64)224928681, ts=(guint64)12525178232;
0:00:12.543220995   505   0x7f90001010 TRACE             GST_TRACER :0:: latency, src-element-id=(string)0x55bbd19080, src-element=(string)libcamerasrc0, src=(string)src, sink-element-id=(string)0x55bbd35510, sink-element=(string)fakesink0, sink=(string)sink, time=(guint64)251170, ts=(guint64)12543188958;
0:00:12.560993385   505   0x7f90000b70 TRACE             GST_TRACER :0:: latency, src-element-id=(string)0x55bbd19080, src-element=(string)libcamerasrc0, src=(string)src, sink-element-id=(string)0x55bbd3bd60, sink-element=(string)sink, sink=(string)sink, time=(guint64)18008559, ts=(guint64)12560946347;
0:00:12.585320183   505   0x7f90000dc0 TRACE             GST_TRACER :0:: latency, src-element-id=(string)0x55bbd19080, src-element=(string)libcamerasrc0, src=(string)src, sink-element-id=(string)0x55bbd6bc80, sink-element=(string)udpsink0, sink=(string)sink, time=(guint64)235295652, ts=(guint64)12585268238;
0:00:12.606220127   505   0x7f90001010 TRACE             GST_TRACER :0:: latency, src-element-id=(string)0x55bbd19080, src-element=(string)libcamerasrc0, src=(string)src, sink-element-id=(string)0x55bbd35510, sink-element=(string)fakesink0, sink=(string)sink, time=(guint64)330208, ts=(guint64)12606185812;
0:00:12.623472678   505   0x7f90000b70 TRACE             GST_TRACER :0:: latency, src-element-id=(string)0x55bbd19080, src-element=(string)libcamerasrc0, src=(string)src, sink-element-id=(string)0x55bbd3bd60, sink-element=(string)sink, sink=(string)sink, time=(guint64)17564721, ts=(guint64)12623420325;
0:00:12.644756830   505   0x7f90000dc0 TRACE             GST_TRACER :0:: latency, src-element-id=(string)0x55bbd19080, src-element=(string)libcamerasrc0, src=(string)src, sink-element-id=(string)0x55bbd6bc80, sink-element=(string)udpsink0, sink=(string)sink, time=(guint64)249823633, ts=(guint64)12644681403;
0:00:12.663332562   505   0x7f90001010 TRACE             GST_TRACER :0:: latency, src-element-id=(string)0x55bbd19080, src-element=(string)libcamerasrc0, src=(string)src, sink-element-id=(string)0x55bbd35510, sink-element=(string)fakesink0, sink=(string)sink, time=(guint64)603618, ts=(guint64)12663293710;
0:00:12.684279322   505   0x7f90000b70 TRACE             GST_TRACER :0:: latency, src-element-id=(string)0x55bbd19080, src-element=(string)libcamerasrc0, src=(string)src, sink-element-id=(string)0x55bbd3bd60, sink-element=(string)sink, sink=(string)sink, time=(guint64)21537766, ts=(guint64)12684227858;
0:00:12.695588415   505   0x7f90000dc0 TRACE             GST_TRACER :0:: latency, src-element-id=(string)0x55bbd19080, src-element=(string)libcamerasrc0, src=(string)src, sink-element-id=(string)0x55bbd6bc80, sink-element=(string)udpsink0, sink=(string)sink, time=(guint64)249591093, ts=(guint64)12695531747;
0:00:12.722120887   505   0x7f90001010 TRACE             GST_TRACER :0:: latency, src-element-id=(string)0x55bbd19080, src-element=(string)libcamerasrc0, src=(string)src, sink-element-id=(string)0x55bbd35510, sink-element=(string)fakesink0, sink=(string)sink, time=(guint64)293947, ts=(guint64)12722075256;
0:00:12.743625949   505   0x7f90000dc0 TRACE             GST_TRACER :0:: latency, src-element-id=(string)0x55bbd19080, src-element=(string)libcamerasrc0, src=(string)src, sink-element-id=(string)0x55bbd6bc80, sink-element=(string)udpsink0, sink=(string)sink, time=(guint64)247281123, ts=(guint64)12743558078;
0:00:12.744687831   505   0x7f90000b70 TRACE             GST_TRACER :0:: latency, src-element-id=(string)0x55bbd19080, src-element=(string)libcamerasrc0, src=(string)src, sink-element-id=(string)0x55bbd3bd60, sink-element=(string)sink, sink=(string)sink, time=(guint64)22854948, ts=(guint64)12744636257;
0:00:12.773430032   505   0x7f90001010 TRACE             GST_TRACER :0:: latency, src-element-id=(string)0x55bbd19080, src-element=(string)libcamerasrc0, src=(string)src, sink-element-id=(string)0x55bbd35510, sink-element=(string)fakesink0, sink=(string)sink, time=(guint64)220298, ts=(guint64)12773388013;
0:00:12.789750331   505   0x7f90000dc0 TRACE             GST_TRACER :0:: latency, src-element-id=(string)0x55bbd19080, src-element=(string)libcamerasrc0, src=(string)src, sink-element-id=(string)0x55bbd6bc80, sink-element=(string)udpsink0, sink=(string)sink, time=(guint64)246746617, ts=(guint64)12789684405;
0:00:12.795053615   505   0x7f90000b70 TRACE             GST_TRACER :0:: latency, src-element-id=(string)0x55bbd19080, src-element=(string)libcamerasrc0, src=(string)src, sink-element-id=(string)0x55bbd3bd60, sink-element=(string)sink, sink=(string)sink, time=(guint64)21825306, ts=(guint64)12794993021;
0:00:12.813203323   505   0x7f90001010 TRACE             GST_TRACER :0:: latency, src-element-id=(string)0x55bbd19080, src-element=(string)libcamerasrc0, src=(string)src, sink-element-id=(string)0x55bbd35510, sink-element=(string)fakesink0, sink=(string)sink, time=(guint64)6474741, ts=(guint64)12813148804;
0:00:12.824178209   505   0x7f90000b70 TRACE             GST_TRACER :0:: latency, src-element-id=(string)0x55bbd19080, src-element=(string)libcamerasrc0, src=(string)src, sink-element-id=(string)0x55bbd3bd60, sink-element=(string)sink, sink=(string)sink, time=(guint64)17448423, ts=(guint64)12824122486;
0:00:12.849339702   505   0x7f90000dc0 TRACE             GST_TRACER :0:: latency, src-element-id=(string)0x55bbd19080, src-element=(string)libcamerasrc0, src=(string)src, sink-element-id=(string)0x55bbd6bc80, sink-element=(string)udpsink0, sink=(string)sink, time=(guint64)243412412, ts=(guint64)12849268016;
0:00:12.873424405   505   0x7f90001010 TRACE             GST_TRACER :0:: latency, src-element-id=(string)0x55bbd19080, src-element=(string)libcamerasrc0, src=(string)src, sink-element-id=(string)0x55bbd35510, sink-element=(string)fakesink0, sink=(string)sink, time=(guint64)214077, ts=(guint64)12873381238;
0:00:12.896933324   505   0x7f90000dc0 TRACE             GST_TRACER :0:: latency, src-element-id=(string)0x55bbd19080, src-element=(string)libcamerasrc0, src=(string)src, sink-element-id=(string)0x55bbd6bc80, sink-element=(string)udpsink0, sink=(string)sink, time=(guint64)234181638, ts=(guint64)12896871730;
0:00:12.899452075   505   0x7f90000b70 TRACE             GST_TRACER :0:: latency, src-element-id=(string)0x55bbd19080, src-element=(string)libcamerasrc0, src=(string)src, sink-element-id=(string)0x55bbd3bd60, sink-element=(string)sink, sink=(string)sink, time=(guint64)26213395, ts=(guint64)12899380556;
0:00:12.925446444   505   0x7f90001010 TRACE             GST_TRACER :0:: latency, src-element-id=(string)0x55bbd19080, src-element=(string)libcamerasrc0, src=(string)src, sink-element-id=(string)0x55bbd35510, sink-element=(string)fakesink0, sink=(string)sink, time=(guint64)222614, ts=(guint64)12925406518;
0:00:12.943256720   505   0x7f90000dc0 TRACE             GST_TRACER :0:: latency, src-element-id=(string)0x55bbd19080, src-element=(string)libcamerasrc0, src=(string)src, sink-element-id=(string)0x55bbd6bc80, sink-element=(string)udpsink0, sink=(string)sink, time=(guint64)221365280, ts=(guint64)12943146589;
0:00:12.946967262   505   0x7f90000b70 TRACE             GST_TRACER :0:: latency, src-element-id=(string)0x55bbd19080, src-element=(string)libcamerasrc0, src=(string)src, sink-element-id=(string)0x55bbd3bd60, sink-element=(string)sink, sink=(string)sink, time=(guint64)21721172, ts=(guint64)12946905076;
0:00:12.965460139   505   0x7f90001010 TRACE             GST_TRACER :0:: latency, src-element-id=(string)0x55bbd19080, src-element=(string)libcamerasrc0, src=(string)src, sink-element-id=(string)0x55bbd35510, sink-element=(string)fakesink0, sink=(string)sink, time=(guint64)223502, ts=(guint64)12965418823;
0:00:12.989929990   505   0x7f90000dc0 TRACE             GST_TRACER :0:: latency, src-element-id=(string)0x55bbd19080, src-element=(string)libcamerasrc0, src=(string)src, sink-element-id=(string)0x55bbd6bc80, sink-element=(string)udpsink0, sink=(string)sink, time=(guint64)216700553, ts=(guint64)12989868268;
0:00:12.998201325   505   0x7f90000b70 TRACE             GST_TRACER :0:: latency, src-element-id=(string)0x55bbd19080, src-element=(string)libcamerasrc0, src=(string)src, sink-element-id=(string)0x55bbd3bd60, sink-element=(string)sink, sink=(string)sink, time=(guint64)32928948, ts=(guint64)12998124269;
0:00:13.007537598   505   0x7f90001010 TRACE             GST_TRACER :0:: latency, src-element-id=(string)0x55bbd19080, src-element=(string)libcamerasrc0, src=(string)src, sink-element-id=(string)0x55bbd35510, sink-element=(string)fakesink0, sink=(string)sink, time=(guint64)188613, ts=(guint64)13007502986;
0:00:13.041366093   505   0x7f90000b70 TRACE             GST_TRACER :0:: latency, src-element-id=(string)0x55bbd19080, src-element=(string)libcamerasrc0, src=(string)src, sink-element-id=(string)0x55bbd3bd60, sink-element=(string)sink, sink=(string)sink, time=(guint64)34005904, ts=(guint64)13041320277;
0:00:13.053152948   505   0x7f90000dc0 TRACE             GST_TRACER :0:: latency, src-element-id=(string)0x55bbd19080, src-element=(string)libcamerasrc0, src=(string)src, sink-element-id=(string)0x55bbd6bc80, sink-element=(string)udpsink0, sink=(string)sink, time=(guint64)246432755, ts=(guint64)13053106818;
0:00:13.081392769   505   0x7f90001010 TRACE             GST_TRACER :0:: latency, src-element-id=(string)0x55bbd19080, src-element=(string)libcamerasrc0, src=(string)src, sink-element-id=(string)0x55bbd35510, sink-element=(string)fakesink0, sink=(string)sink, time=(guint64)191428, ts=(guint64)13081359713;
0:00:13.114931742   505   0x7f90000dc0 TRACE             GST_TRACER :0:: latency, src-element-id=(string)0x55bbd19080, src-element=(string)libcamerasrc0, src=(string)src, sink-element-id=(string)0x55bbd6bc80, sink-element=(string)udpsink0, sink=(string)sink, time=(guint64)241701488, ts=(guint64)13114868649;
0:00:13.116818097   505   0x7f90000b70 TRACE             GST_TRACER :0:: latency, src-element-id=(string)0x55bbd19080, src-element=(string)libcamerasrc0, src=(string)src, sink-element-id=(string)0x55bbd3bd60, sink-element=(string)sink, sink=(string)sink, time=(guint64)35556181, ts=(guint64)13116724466;
0:00:13.133057818   505   0x7f90001010 TRACE             GST_TRACER :0:: latency, src-element-id=(string)0x55bbd19080, src-element=(string)libcamerasrc0, src=(string)src, sink-element-id=(string)0x55bbd35510, sink-element=(string)fakesink0, sink=(string)sink, time=(guint64)196835, ts=(guint64)13132993539;
0:00:13.175721191   505   0x7f90000b70 TRACE             GST_TRACER :0:: latency, src-element-id=(string)0x55bbd19080, src-element=(string)libcamerasrc0, src=(string)src, sink-element-id=(string)0x55bbd3bd60, sink-element=(string)sink, sink=(string)sink, time=(guint64)42872708, ts=(guint64)13175669412;
0:00:13.179721440   505   0x7f90000dc0 TRACE             GST_TRACER :0:: latency, src-element-id=(string)0x55bbd19080, src-element=(string)libcamerasrc0, src=(string)src, sink-element-id=(string)0x55bbd6bc80, sink-element=(string)udpsink0, sink=(string)sink, time=(guint64)254485832, ts=(guint64)13179669736;
0:00:13.205412565   505   0x7f90001010 TRACE             GST_TRACER :0:: latency, src-element-id=(string)0x55bbd19080, src-element=(string)libcamerasrc0, src=(string)src, sink-element-id=(string)0x55bbd35510, sink-element=(string)fakesink0, sink=(string)sink, time=(guint64)208354, ts=(guint64)13205376101;
0:00:13.224866063   505   0x7f90000dc0 TRACE             GST_TRACER :0:: latency, src-element-id=(string)0x55bbd19080, src-element=(string)libcamerasrc0, src=(string)src, sink-element-id=(string)0x55bbd6bc80, sink-element=(string)udpsink0, sink=(string)sink, time=(guint64)259615982, ts=(guint64)13224811303;
0:00:13.226502174   505   0x7f90000b70 TRACE             GST_TRACER :0:: latency, src-element-id=(string)0x55bbd19080, src-element=(string)libcamerasrc0, src=(string)src, sink-element-id=(string)0x55bbd3bd60, sink-element=(string)sink, sink=(string)sink, time=(guint64)21278538, ts=(guint64)13226446285;
Frames recibidos: 240
0:00:13.252294356   505   0x7f90001010 TRACE             GST_TRACER :0:: latency, src-element-id=(string)0x55bbd19080, src-element=(string)libcamerasrc0, src=(string)src, sink-element-id=(string)0x55bbd35510, sink-element=(string)fakesink0, sink=(string)sink, time=(guint64)3060035, ts=(guint64)13252244874;
0:00:13.273334169   505   0x7f90000dc0 TRACE             GST_TRACER :0:: latency, src-element-id=(string)0x55bbd19080, src-element=(string)libcamerasrc0, src=(string)src, sink-element-id=(string)0x55bbd6bc80, sink-element=(string)udpsink0, sink=(string)sink, time=(guint64)265958573, ts=(guint64)13273272946;
0:00:13.276405315   505   0x7f90000b70 TRACE             GST_TRACER :0:: latency, src-element-id=(string)0x55bbd19080, src-element=(string)libcamerasrc0, src=(string)src, sink-element-id=(string)0x55bbd3bd60, sink-element=(string)sink, sink=(string)sink, time=(guint64)27153401, ts=(guint64)13276338240;
0:00:13.302167755   505   0x7f90001010 TRACE             GST_TRACER :0:: latency, src-element-id=(string)0x55bbd19080, src-element=(string)libcamerasrc0, src=(string)src, sink-element-id=(string)0x55bbd35510, sink-element=(string)fakesink0, sink=(string)sink, time=(guint64)204336, ts=(guint64)13302126699;
0:00:13.324419582   505   0x7f90000b70 TRACE             GST_TRACER :0:: latency, src-element-id=(string)0x55bbd19080, src-element=(string)libcamerasrc0, src=(string)src, sink-element-id=(string)0x55bbd3bd60, sink-element=(string)sink, sink=(string)sink, time=(guint64)22356272, ts=(guint64)13324278635;
0:00:13.326332251   505   0x7f90000dc0 TRACE             GST_TRACER :0:: latency, src-element-id=(string)0x55bbd19080, src-element=(string)libcamerasrc0, src=(string)src, sink-element-id=(string)0x55bbd6bc80, sink-element=(string)udpsink0, sink=(string)sink, time=(guint64)245080465, ts=(guint64)13326248750;
0:00:13.343885117   505   0x7f90001010 TRACE             GST_TRACER :0:: latency, src-element-id=(string)0x55bbd19080, src-element=(string)libcamerasrc0, src=(string)src, sink-element-id=(string)0x55bbd35510, sink-element=(string)fakesink0, sink=(string)sink, time=(guint64)189465, ts=(guint64)13343844320;
0:00:13.373838364   505   0x7f90000b70 TRACE             GST_TRACER :0:: latency, src-element-id=(string)0x55bbd19080, src-element=(string)libcamerasrc0, src=(string)src, sink-element-id=(string)0x55bbd3bd60, sink-element=(string)sink, sink=(string)sink, time=(guint64)30112472, ts=(guint64)13373767327;
0:00:13.377079790   505   0x7f90000dc0 TRACE             GST_TRACER :0:: latency, src-element-id=(string)0x55bbd19080, src-element=(string)libcamerasrc0, src=(string)src, sink-element-id=(string)0x55bbd6bc80, sink-element=(string)udpsink0, sink=(string)sink, time=(guint64)244138566, ts=(guint64)13376935270;
0:00:13.401380936   505   0x7f90001010 TRACE             GST_TRACER :0:: latency, src-element-id=(string)0x55bbd19080, src-element=(string)libcamerasrc0, src=(string)src, sink-element-id=(string)0x55bbd35510, sink-element=(string)fakesink0, sink=(string)sink, time=(guint64)197613, ts=(guint64)13401343917;
0:00:13.425003482   505   0x7f90000dc0 TRACE             GST_TRACER :0:: latency, src-element-id=(string)0x55bbd19080, src-element=(string)libcamerasrc0, src=(string)src, sink-element-id=(string)0x55bbd6bc80, sink-element=(string)udpsink0, sink=(string)sink, time=(guint64)219775290, ts=(guint64)13424943037;
0:00:13.433896064   505   0x7f90000b70 TRACE             GST_TRACER :0:: latency, src-element-id=(string)0x55bbd19080, src-element=(string)libcamerasrc0, src=(string)src, sink-element-id=(string)0x55bbd3bd60, sink-element=(string)sink, sink=(string)sink, time=(guint64)32682685, ts=(guint64)13433828989;
0:00:13.453453786   505   0x7f90001010 TRACE             GST_TRACER :0:: latency, src-element-id=(string)0x55bbd19080, src-element=(string)libcamerasrc0, src=(string)src, sink-element-id=(string)0x55bbd35510, sink-element=(string)fakesink0, sink=(string)sink, time=(guint64)223799, ts=(guint64)13453406471;
0:00:13.472365890   505   0x7f90000dc0 TRACE             GST_TRACER :0:: latency, src-element-id=(string)0x55bbd19080, src-element=(string)libcamerasrc0, src=(string)src, sink-element-id=(string)0x55bbd6bc80, sink-element=(string)udpsink0, sink=(string)sink, time=(guint64)223121142, ts=(guint64)13472305981;
0:00:13.473659960   505   0x7f90000b70 TRACE             GST_TRACER :0:: latency, src-element-id=(string)0x55bbd19080, src-element=(string)libcamerasrc0, src=(string)src, sink-element-id=(string)0x55bbd3bd60, sink-element=(string)sink, sink=(string)sink, time=(guint64)20417972, ts=(guint64)13473600644;
0:00:13.497447063   505   0x7f90001010 TRACE             GST_TRACER :0:: latency, src-element-id=(string)0x55bbd19080, src-element=(string)libcamerasrc0, src=(string)src, sink-element-id=(string)0x55bbd35510, sink-element=(string)fakesink0, sink=(string)sink, time=(guint64)222577, ts=(guint64)13497403581;
0:00:13.507230137   505   0x7f90000dc0 TRACE             GST_TRACER :0:: latency, src-element-id=(string)0x55bbd19080, src-element=(string)libcamerasrc0, src=(string)src, sink-element-id=(string)0x55bbd6bc80, sink-element=(string)udpsink0, sink=(string)sink, time=(guint64)205246551, ts=(guint64)13507168914;
0:00:13.520102505   505   0x7f90000b70 TRACE             GST_TRACER :0:: latency, src-element-id=(string)0x55bbd19080, src-element=(string)libcamerasrc0, src=(string)src, sink-element-id=(string)0x55bbd3bd60, sink-element=(string)sink, sink=(string)sink, time=(guint64)22865852, ts=(guint64)13520046856;
0:00:13.533468731   505   0x7f90001010 TRACE             GST_TRACER :0:: latency, src-element-id=(string)0x55bbd19080, src-element=(string)libcamerasrc0, src=(string)src, sink-element-id=(string)0x55bbd35510, sink-element=(string)fakesink0, sink=(string)sink, time=(guint64)229706, ts=(guint64)13533423267;
0:00:13.546412063   505   0x7f90000dc0 TRACE             GST_TRACER :0:: latency, src-element-id=(string)0x55bbd19080, src-element=(string)libcamerasrc0, src=(string)src, sink-element-id=(string)0x55bbd6bc80, sink-element=(string)udpsink0, sink=(string)sink, time=(guint64)202688578, ts=(guint64)13546343433;
0:00:13.554826418   505   0x7f90000b70 TRACE             GST_TRACER :0:: latency, src-element-id=(string)0x55bbd19080, src-element=(string)libcamerasrc0, src=(string)src, sink-element-id=(string)0x55bbd3bd60, sink-element=(string)sink, sink=(string)sink, time=(guint64)21498077, ts=(guint64)13554691638;
0:00:13.577349395   505   0x7f90001010 TRACE             GST_TRACER :0:: latency, src-element-id=(string)0x55bbd19080, src-element=(string)libcamerasrc0, src=(string)src, sink-element-id=(string)0x55bbd35510, sink-element=(string)fakesink0, sink=(string)sink, time=(guint64)379134, ts=(guint64)13577308488;
0:00:13.591652465   505   0x7f90000dc0 TRACE             GST_TRACER :0:: latency, src-element-id=(string)0x55bbd19080, src-element=(string)libcamerasrc0, src=(string)src, sink-element-id=(string)0x55bbd6bc80, sink-element=(string)udpsink0, sink=(string)sink, time=(guint64)190440179, ts=(guint64)13591586483;
0:00:13.596996248   505   0x7f90000b70 TRACE             GST_TRACER :0:: latency, src-element-id=(string)0x55bbd19080, src-element=(string)libcamerasrc0, src=(string)src, sink-element-id=(string)0x55bbd3bd60, sink-element=(string)sink, sink=(string)sink, time=(guint64)19990708, ts=(guint64)13596920062;
0:00:13.621590583   505   0x7f90001010 TRACE             GST_TRACER :0:: latency, src-element-id=(string)0x55bbd19080, src-element=(string)libcamerasrc0, src=(string)src, sink-element-id=(string)0x55bbd35510, sink-element=(string)fakesink0, sink=(string)sink, time=(guint64)358356, ts=(guint64)13621544341;
0:00:13.633362957   505   0x7f90000dc0 TRACE             GST_TRACER :0:: latency, src-element-id=(string)0x55bbd19080, src-element=(string)libcamerasrc0, src=(string)src, sink-element-id=(string)0x55bbd6bc80, sink-element=(string)udpsink0, sink=(string)sink, time=(guint64)180116951, ts=(guint64)13633299623;
0:00:13.642077445   505   0x7f90000b70 TRACE             GST_TRACER :0:: latency, src-element-id=(string)0x55bbd19080, src-element=(string)libcamerasrc0, src=(string)src, sink-element-id=(string)0x55bbd3bd60, sink-element=(string)sink, sink=(string)sink, time=(guint64)20824792, ts=(guint64)13642010777;
0:00:13.662319137   505   0x7f90001010 TRACE             GST_TRACER :0:: latency, src-element-id=(string)0x55bbd19080, src-element=(string)libcamerasrc0, src=(string)src, sink-element-id=(string)0x55bbd35510, sink-element=(string)fakesink0, sink=(string)sink, time=(guint64)281800, ts=(guint64)13662282674;
0:00:13.677479828   505   0x7f90000dc0 TRACE             GST_TRACER :0:: latency, src-element-id=(string)0x55bbd19080, src-element=(string)libcamerasrc0, src=(string)src, sink-element-id=(string)0x55bbd6bc80, sink-element=(string)udpsink0, sink=(string)sink, time=(guint64)180203711, ts=(guint64)13677384715;
0:00:13.700809963   505   0x7f90000b70 TRACE             GST_TRACER :0:: latency, src-element-id=(string)0x55bbd19080, src-element=(string)libcamerasrc0, src=(string)src, sink-element-id=(string)0x55bbd3bd60, sink-element=(string)sink, sink=(string)sink, time=(guint64)38760384, ts=(guint64)13700761258;
0:00:13.703774107   505   0x7f90001010 TRACE             GST_TRACER :0:: latency, src-element-id=(string)0x55bbd19080, src-element=(string)libcamerasrc0, src=(string)src, sink-element-id=(string)0x55bbd35510, sink-element=(string)fakesink0, sink=(string)sink, time=(guint64)1354589, ts=(guint64)13703705310;
0:00:13.726268900   505   0x7f90000b70 TRACE             GST_TRACER :0:: latency, src-element-id=(string)0x55bbd19080, src-element=(string)libcamerasrc0, src=(string)src, sink-element-id=(string)0x55bbd3bd60, sink-element=(string)sink, sink=(string)sink, time=(guint64)23658009, ts=(guint64)13726008730;
0:00:13.739342752   505   0x7f90000dc0 TRACE             GST_TRACER :0:: latency, src-element-id=(string)0x55bbd19080, src-element=(string)libcamerasrc0, src=(string)src, sink-element-id=(string)0x55bbd6bc80, sink-element=(string)udpsink0, sink=(string)sink, time=(guint64)206091079, ts=(guint64)13739284640;
0:00:13.770362641   505   0x7f90001010 TRACE             GST_TRACER :0:: latency, src-element-id=(string)0x55bbd19080, src-element=(string)libcamerasrc0, src=(string)src, sink-element-id=(string)0x55bbd35510, sink-element=(string)fakesink0, sink=(string)sink, time=(guint64)590803, ts=(guint64)13770120342;
0:00:13.783489993   505   0x7f90000dc0 TRACE             GST_TRACER :0:: latency, src-element-id=(string)0x55bbd19080, src-element=(string)libcamerasrc0, src=(string)src, sink-element-id=(string)0x55bbd6bc80, sink-element=(string)udpsink0, sink=(string)sink, time=(guint64)206495787, ts=(guint64)13783425141;
0:00:13.794729417   505   0x7f90000b70 TRACE             GST_TRACER :0:: latency, src-element-id=(string)0x55bbd19080, src-element=(string)libcamerasrc0, src=(string)src, sink-element-id=(string)0x55bbd3bd60, sink-element=(string)sink, sink=(string)sink, time=(guint64)25152933, ts=(guint64)13794682472;
0:00:13.811290661   505   0x7f90001010 TRACE             GST_TRACER :0:: latency, src-element-id=(string)0x55bbd19080, src-element=(string)libcamerasrc0, src=(string)src, sink-element-id=(string)0x55bbd35510, sink-element=(string)fakesink0, sink=(string)sink, time=(guint64)1731057, ts=(guint64)13811240901;
0:00:13.841283297   505   0x7f90000dc0 TRACE             GST_TRACER :0:: latency, src-element-id=(string)0x55bbd19080, src-element=(string)libcamerasrc0, src=(string)src, sink-element-id=(string)0x55bbd6bc80, sink-element=(string)udpsink0, sink=(string)sink, time=(guint64)220033478, ts=(guint64)13841219463;
0:00:13.846874768   505   0x7f90000b70 TRACE             GST_TRACER :0:: latency, src-element-id=(string)0x55bbd19080, src-element=(string)libcamerasrc0, src=(string)src, sink-element-id=(string)0x55bbd3bd60, sink-element=(string)sink, sink=(string)sink, time=(guint64)37316997, ts=(guint64)13846826841;
0:00:13.870192625   505   0x7f90001010 TRACE             GST_TRACER :0:: latency, src-element-id=(string)0x55bbd19080, src-element=(string)libcamerasrc0, src=(string)src, sink-element-id=(string)0x55bbd35510, sink-element=(string)fakesink0, sink=(string)sink, time=(guint64)2377601, ts=(guint64)13870139921;
0:00:13.901354830   505   0x7f90000dc0 TRACE             GST_TRACER :0:: latency, src-element-id=(string)0x55bbd19080, src-element=(string)libcamerasrc0, src=(string)src, sink-element-id=(string)0x55bbd6bc80, sink-element=(string)udpsink0, sink=(string)sink, time=(guint64)239299697, ts=(guint64)13901300571;
0:00:13.905622804   505   0x7f90000b70 TRACE             GST_TRACER :0:: latency, src-element-id=(string)0x55bbd19080, src-element=(string)libcamerasrc0, src=(string)src, sink-element-id=(string)0x55bbd3bd60, sink-element=(string)sink, sink=(string)sink, time=(guint64)37796780, ts=(guint64)13905559100;
0:00:13.922774218   505   0x7f90001010 TRACE             GST_TRACER :0:: latency, src-element-id=(string)0x55bbd19080, src-element=(string)libcamerasrc0, src=(string)src, sink-element-id=(string)0x55bbd35510, sink-element=(string)fakesink0, sink=(string)sink, time=(guint64)516839, ts=(guint64)13922632328;
0:00:13.950341712   505   0x7f90000dc0 TRACE             GST_TRACER :0:: latency, src-element-id=(string)0x55bbd19080, src-element=(string)libcamerasrc0, src=(string)src, sink-element-id=(string)0x55bbd6bc80, sink-element=(string)udpsink0, sink=(string)sink, time=(guint64)247894416, ts=(guint64)13950245137;
0:00:13.952507254   505   0x7f90000b70 TRACE             GST_TRACER :0:: latency, src-element-id=(string)0x55bbd19080, src-element=(string)libcamerasrc0, src=(string)src, sink-element-id=(string)0x55bbd3bd60, sink-element=(string)sink, sink=(string)sink, time=(guint64)30335839, ts=(guint64)13952451328;
0:00:13.974209016   505   0x7f90001010 TRACE             GST_TRACER :0:: latency, src-element-id=(string)0x55bbd19080, src-element=(string)libcamerasrc0, src=(string)src, sink-element-id=(string)0x55bbd35510, sink-element=(string)fakesink0, sink=(string)sink, time=(guint64)319077, ts=(guint64)13974166126;
0:00:14.001536321   505   0x7f90000dc0 TRACE             GST_TRACER :0:: latency, src-element-id=(string)0x55bbd19080, src-element=(string)libcamerasrc0, src=(string)src, sink-element-id=(string)0x55bbd6bc80, sink-element=(string)udpsink0, sink=(string)sink, time=(guint64)231941874, ts=(guint64)14001471413;
0:00:14.004033683   505   0x7f90000b70 TRACE             GST_TRACER :0:: latency, src-element-id=(string)0x55bbd19080, src-element=(string)libcamerasrc0, src=(string)src, sink-element-id=(string)0x55bbd3bd60, sink-element=(string)sink, sink=(string)sink, time=(guint64)29836926, ts=(guint64)14003683975;
0:00:14.022507741   505   0x7f90001010 TRACE             GST_TRACER :0:: latency, src-element-id=(string)0x55bbd19080, src-element=(string)libcamerasrc0, src=(string)src, sink-element-id=(string)0x55bbd35510, sink-element=(string)fakesink0, sink=(string)sink, time=(guint64)313244, ts=(guint64)14022462185;
0:00:14.047227944   505   0x7f90000dc0 TRACE             GST_TRACER :0:: latency, src-element-id=(string)0x55bbd19080, src-element=(string)libcamerasrc0, src=(string)src, sink-element-id=(string)0x55bbd6bc80, sink-element=(string)udpsink0, sink=(string)sink, time=(guint64)237658080, ts=(guint64)14047167924;
0:00:14.054857085   505   0x7f90000b70 TRACE             GST_TRACER :0:: latency, src-element-id=(string)0x55bbd19080, src-element=(string)libcamerasrc0, src=(string)src, sink-element-id=(string)0x55bbd3bd60, sink-element=(string)sink, sink=(string)sink, time=(guint64)32645587, ts=(guint64)14054794528;
0:00:14.080446500   505   0x7f90001010 TRACE             GST_TRACER :0:: latency, src-element-id=(string)0x55bbd19080, src-element=(string)libcamerasrc0, src=(string)src, sink-element-id=(string)0x55bbd35510, sink-element=(string)fakesink0, sink=(string)sink, time=(guint64)3208999, ts=(guint64)14080383222;
0:00:14.093548610   505   0x7f90000dc0 TRACE             GST_TRACER :0:: latency, src-element-id=(string)0x55bbd19080, src-element=(string)libcamerasrc0, src=(string)src, sink-element-id=(string)0x55bbd6bc80, sink-element=(string)udpsink0, sink=(string)sink, time=(guint64)225731882, ts=(guint64)14093494202;
0:00:14.098455702   505   0x7f90000b70 TRACE             GST_TRACER :0:: latency, src-element-id=(string)0x55bbd19080, src-element=(string)libcamerasrc0, src=(string)src, sink-element-id=(string)0x55bbd3bd60, sink-element=(string)sink, sink=(string)sink, time=(guint64)21214608, ts=(guint64)14098388831;
0:00:14.126037584   505   0x7f90001010 TRACE             GST_TRACER :0:: latency, src-element-id=(string)0x55bbd19080, src-element=(string)libcamerasrc0, src=(string)src, sink-element-id=(string)0x55bbd35510, sink-element=(string)fakesink0, sink=(string)sink, time=(guint64)784916, ts=(guint64)14125988343;
0:00:14.144552384   505   0x7f90000dc0 TRACE             GST_TRACER :0:: latency, src-element-id=(string)0x55bbd19080, src-element=(string)libcamerasrc0, src=(string)src, sink-element-id=(string)0x55bbd6bc80, sink-element=(string)udpsink0, sink=(string)sink, time=(guint64)222356468, ts=(guint64)14144471957;
0:00:14.145409857   505   0x7f90000b70 TRACE             GST_TRACER :0:: latency, src-element-id=(string)0x55bbd19080, src-element=(string)libcamerasrc0, src=(string)src, sink-element-id=(string)0x55bbd3bd60, sink-element=(string)sink, sink=(string)sink, time=(guint64)20153059, ts=(guint64)14145356486;
0:00:14.171176645   505   0x7f90001010 TRACE             GST_TRACER :0:: latency, src-element-id=(string)0x55bbd19080, src-element=(string)libcamerasrc0, src=(string)src, sink-element-id=(string)0x55bbd35510, sink-element=(string)fakesink0, sink=(string)sink, time=(guint64)206447, ts=(guint64)14171140182;
0:00:14.195899829   505   0x7f90000dc0 TRACE             GST_TRACER :0:: latency, src-element-id=(string)0x55bbd19080, src-element=(string)libcamerasrc0, src=(string)src, sink-element-id=(string)0x55bbd6bc80, sink-element=(string)udpsink0, sink=(string)sink, time=(guint64)222007668, ts=(guint64)14195854717;
0:00:14.197496958   505   0x7f90000b70 TRACE             GST_TRACER :0:: latency, src-element-id=(string)0x55bbd19080, src-element=(string)libcamerasrc0, src=(string)src, sink-element-id=(string)0x55bbd3bd60, sink-element=(string)sink, sink=(string)sink, time=(guint64)26513611, ts=(guint64)14197447346;
0:00:14.221197908   505   0x7f90001010 TRACE             GST_TRACER :0:: latency, src-element-id=(string)0x55bbd19080, src-element=(string)libcamerasrc0, src=(string)src, sink-element-id=(string)0x55bbd35510, sink-element=(string)fakesink0, sink=(string)sink, time=(guint64)3029442, ts=(guint64)14221153297;
0:00:14.246177595   505   0x7f90000b70 TRACE             GST_TRACER :0:: latency, src-element-id=(string)0x55bbd19080, src-element=(string)libcamerasrc0, src=(string)src, sink-element-id=(string)0x55bbd3bd60, sink-element=(string)sink, sink=(string)sink, time=(guint64)27988665, ts=(guint64)14246112520;
0:00:14.249426465   505   0x7f90000dc0 TRACE             GST_TRACER :0:: latency, src-element-id=(string)0x55bbd19080, src-element=(string)libcamerasrc0, src=(string)src, sink-element-id=(string)0x55bbd6bc80, sink-element=(string)udpsink0, sink=(string)sink, time=(guint64)227229116, ts=(guint64)14249378057;
0:00:14.273438252   505   0x7f90001010 TRACE             GST_TRACER :0:: latency, src-element-id=(string)0x55bbd19080, src-element=(string)libcamerasrc0, src=(string)src, sink-element-id=(string)0x55bbd35510, sink-element=(string)fakesink0, sink=(string)sink, time=(guint64)196594, ts=(guint64)14273405714;
0:00:14.299314486   505   0x7f90000b70 TRACE             GST_TRACER :0:: latency, src-element-id=(string)0x55bbd19080, src-element=(string)libcamerasrc0, src=(string)src, sink-element-id=(string)0x55bbd3bd60, sink-element=(string)sink, sink=(string)sink, time=(guint64)26052347, ts=(guint64)14299261467;
0:00:14.306453417   505   0x7f90000dc0 TRACE             GST_TRACER :0:: latency, src-element-id=(string)0x55bbd19080, src-element=(string)libcamerasrc0, src=(string)src, sink-element-id=(string)0x55bbd6bc80, sink-element=(string)udpsink0, sink=(string)sink, time=(guint64)229228490, ts=(guint64)14306402713;
0:00:14.337260984   505   0x7f90001010 TRACE             GST_TRACER :0:: latency, src-element-id=(string)0x55bbd19080, src-element=(string)libcamerasrc0, src=(string)src, sink-element-id=(string)0x55bbd35510, sink-element=(string)fakesink0, sink=(string)sink, time=(guint64)4036860, ts=(guint64)14337205891;
0:00:14.352834584   505   0x7f90000dc0 TRACE             GST_TRACER :0:: latency, src-element-id=(string)0x55bbd19080, src-element=(string)libcamerasrc0, src=(string)src, sink-element-id=(string)0x55bbd6bc80, sink-element=(string)udpsink0, sink=(string)sink, time=(guint64)227564508, ts=(guint64)14352767935;
0:00:14.357314968   505   0x7f90000b70 TRACE             GST_TRACER :0:: latency, src-element-id=(string)0x55bbd19080, src-element=(string)libcamerasrc0, src=(string)src, sink-element-id=(string)0x55bbd3bd60, sink-element=(string)sink, sink=(string)sink, time=(guint64)24076288, ts=(guint64)14357245319;
0:00:14.374473160   505   0x7f90001010 TRACE             GST_TRACER :0:: latency, src-element-id=(string)0x55bbd19080, src-element=(string)libcamerasrc0, src=(string)src, sink-element-id=(string)0x55bbd35510, sink-element=(string)fakesink0, sink=(string)sink, time=(guint64)212132, ts=(guint64)14374429881;
0:00:14.403991305   505   0x7f90000b70 TRACE             GST_TRACER :0:: latency, src-element-id=(string)0x55bbd19080, src-element=(string)libcamerasrc0, src=(string)src, sink-element-id=(string)0x55bbd3bd60, sink-element=(string)sink, sink=(string)sink, time=(guint64)29715833, ts=(guint64)14403933582;
0:00:14.405751584   505   0x7f90000dc0 TRACE             GST_TRACER :0:: latency, src-element-id=(string)0x55bbd19080, src-element=(string)libcamerasrc0, src=(string)src, sink-element-id=(string)0x55bbd6bc80, sink-element=(string)udpsink0, sink=(string)sink, time=(guint64)234699477, ts=(guint64)14405633212;
0:00:14.429234957   505   0x7f90001010 TRACE             GST_TRACER :0:: latency, src-element-id=(string)0x55bbd19080, src-element=(string)libcamerasrc0, src=(string)src, sink-element-id=(string)0x55bbd35510, sink-element=(string)fakesink0, sink=(string)sink, time=(guint64)3265203, ts=(guint64)14429182216;
0:00:14.454090236   505   0x7f90000b70 TRACE             GST_TRACER :0:: latency, src-element-id=(string)0x55bbd19080, src-element=(string)libcamerasrc0, src=(string)src, sink-element-id=(string)0x55bbd3bd60, sink-element=(string)sink, sink=(string)sink, time=(guint64)28109296, ts=(guint64)14454026309;
0:00:14.457697443   505   0x7f90000dc0 TRACE             GST_TRACER :0:: latency, src-element-id=(string)0x55bbd19080, src-element=(string)libcamerasrc0, src=(string)src, sink-element-id=(string)0x55bbd6bc80, sink-element=(string)udpsink0, sink=(string)sink, time=(guint64)239530180, ts=(guint64)14457654035;
0:00:14.483584640   505   0x7f90001010 TRACE             GST_TRACER :0:: latency, src-element-id=(string)0x55bbd19080, src-element=(string)libcamerasrc0, src=(string)src, sink-element-id=(string)0x55bbd35510, sink-element=(string)fakesink0, sink=(string)sink, time=(guint64)302207, ts=(guint64)14483539935;
0:00:14.501136947   505   0x7f90000b70 TRACE             GST_TRACER :0:: latency, src-element-id=(string)0x55bbd19080, src-element=(string)libcamerasrc0, src=(string)src, sink-element-id=(string)0x55bbd3bd60, sink-element=(string)sink, sink=(string)sink, time=(guint64)17823366, ts=(guint64)14501061094;
0:00:14.508279119   505   0x7f90000dc0 TRACE             GST_TRACER :0:: latency, src-element-id=(string)0x55bbd19080, src-element=(string)libcamerasrc0, src=(string)src, sink-element-id=(string)0x55bbd6bc80, sink-element=(string)udpsink0, sink=(string)sink, time=(guint64)234986054, ts=(guint64)14508195174;
0:00:14.525948225   505   0x7f90001010 TRACE             GST_TRACER :0:: latency, src-element-id=(string)0x55bbd19080, src-element=(string)libcamerasrc0, src=(string)src, sink-element-id=(string)0x55bbd35510, sink-element=(string)fakesink0, sink=(string)sink, time=(guint64)217835, ts=(guint64)14525902557;
0:00:14.548800499   505   0x7f90000b70 TRACE             GST_TRACER :0:: latency, src-element-id=(string)0x55bbd19080, src-element=(string)libcamerasrc0, src=(string)src, sink-element-id=(string)0x55bbd3bd60, sink-element=(string)sink, sink=(string)sink, time=(guint64)23067702, ts=(guint64)14548752424;
0:00:14.568691536   505   0x7f90000dc0 TRACE             GST_TRACER :0:: latency, src-element-id=(string)0x55bbd19080, src-element=(string)libcamerasrc0, src=(string)src, sink-element-id=(string)0x55bbd6bc80, sink-element=(string)udpsink0, sink=(string)sink, time=(guint64)235463615, ts=(guint64)14568632646;
0:00:14.588745705   505   0x7f90001010 TRACE             GST_TRACER :0:: latency, src-element-id=(string)0x55bbd19080, src-element=(string)libcamerasrc0, src=(string)src, sink-element-id=(string)0x55bbd35510, sink-element=(string)fakesink0, sink=(string)sink, time=(guint64)181354, ts=(guint64)14588714686;
0:00:14.608512944   505   0x7f90000b70 TRACE             GST_TRACER :0:: latency, src-element-id=(string)0x55bbd19080, src-element=(string)libcamerasrc0, src=(string)src, sink-element-id=(string)0x55bbd3bd60, sink-element=(string)sink, sink=(string)sink, time=(guint64)19916871, ts=(guint64)14608450203;
0:00:14.641131087   505   0x7f90000dc0 TRACE             GST_TRACER :0:: latency, src-element-id=(string)0x55bbd19080, src-element=(string)libcamerasrc0, src=(string)src, sink-element-id=(string)0x55bbd6bc80, sink-element=(string)udpsink0, sink=(string)sink, time=(guint64)266856430, ts=(guint64)14641074179;
0:00:14.658376539   505   0x7f90001010 TRACE             GST_TRACER :0:: latency, src-element-id=(string)0x55bbd19080, src-element=(string)libcamerasrc0, src=(string)src, sink-element-id=(string)0x55bbd35510, sink-element=(string)fakesink0, sink=(string)sink, time=(guint64)195132, ts=(guint64)14658341909;
0:00:14.684984485   505   0x7f90000b70 TRACE             GST_TRACER :0:: latency, src-element-id=(string)0x55bbd19080, src-element=(string)libcamerasrc0, src=(string)src, sink-element-id=(string)0x55bbd3bd60, sink-element=(string)sink, sink=(string)sink, time=(guint64)26786244, ts=(guint64)14684933021;
0:00:14.696889026   505   0x7f90000dc0 TRACE             GST_TRACER :0:: latency, src-element-id=(string)0x55bbd19080, src-element=(string)libcamerasrc0, src=(string)src, sink-element-id=(string)0x55bbd6bc80, sink-element=(string)udpsink0, sink=(string)sink, time=(guint64)270924716, ts=(guint64)14696841729;
0:00:14.716346502   505   0x7f90001010 TRACE             GST_TRACER :0:: latency, src-element-id=(string)0x55bbd19080, src-element=(string)libcamerasrc0, src=(string)src, sink-element-id=(string)0x55bbd35510, sink-element=(string)fakesink0, sink=(string)sink, time=(guint64)196094, ts=(guint64)14716312298;
0:00:14.741685749   505   0x7f90000b70 TRACE             GST_TRACER :0:: latency, src-element-id=(string)0x55bbd19080, src-element=(string)libcamerasrc0, src=(string)src, sink-element-id=(string)0x55bbd3bd60, sink-element=(string)sink, sink=(string)sink, time=(guint64)25519507, ts=(guint64)14741635711;
Frames recibidos: 270
0:00:14.764166593   505   0x7f90000dc0 TRACE             GST_TRACER :0:: latency, src-element-id=(string)0x55bbd19080, src-element=(string)libcamerasrc0, src=(string)src, sink-element-id=(string)0x55bbd6bc80, sink-element=(string)udpsink0, sink=(string)sink, time=(guint64)280868012, ts=(guint64)14764105740;
0:00:14.782001607   505   0x7f90001010 TRACE             GST_TRACER :0:: latency, src-element-id=(string)0x55bbd19080, src-element=(string)libcamerasrc0, src=(string)src, sink-element-id=(string)0x55bbd35510, sink-element=(string)fakesink0, sink=(string)sink, time=(guint64)201892, ts=(guint64)14781963885;
0:00:14.799269578   505   0x7f90000b70 TRACE             GST_TRACER :0:: latency, src-element-id=(string)0x55bbd19080, src-element=(string)libcamerasrc0, src=(string)src, sink-element-id=(string)0x55bbd3bd60, sink-element=(string)sink, sink=(string)sink, time=(guint64)17451214, ts=(guint64)14799213207;
0:00:14.819396174   505   0x7f90000dc0 TRACE             GST_TRACER :0:: latency, src-element-id=(string)0x55bbd19080, src-element=(string)libcamerasrc0, src=(string)src, sink-element-id=(string)0x55bbd6bc80, sink-element=(string)udpsink0, sink=(string)sink, time=(guint64)293650192, ts=(guint64)14819334914;
0:00:14.853431295   505   0x7f90001010 TRACE             GST_TRACER :0:: latency, src-element-id=(string)0x55bbd19080, src-element=(string)libcamerasrc0, src=(string)src, sink-element-id=(string)0x55bbd35510, sink-element=(string)fakesink0, sink=(string)sink, time=(guint64)222576, ts=(guint64)14853388313;
0:00:14.872042318   505   0x7f90000b70 TRACE             GST_TRACER :0:: latency, src-element-id=(string)0x55bbd19080, src-element=(string)libcamerasrc0, src=(string)src, sink-element-id=(string)0x55bbd3bd60, sink-element=(string)sink, sink=(string)sink, time=(guint64)18824784, ts=(guint64)14871990521;
0:00:14.876055067   505   0x7f90000dc0 TRACE             GST_TRACER :0:: latency, src-element-id=(string)0x55bbd19080, src-element=(string)libcamerasrc0, src=(string)src, sink-element-id=(string)0x55bbd6bc80, sink-element=(string)udpsink0, sink=(string)sink, time=(guint64)287467253, ts=(guint64)14876000585;
0:00:14.905275041   505   0x7f90001010 TRACE             GST_TRACER :0:: latency, src-element-id=(string)0x55bbd19080, src-element=(string)libcamerasrc0, src=(string)src, sink-element-id=(string)0x55bbd35510, sink-element=(string)fakesink0, sink=(string)sink, time=(guint64)4050859, ts=(guint64)14905218540;
0:00:14.927739030   505   0x7f90000dc0 TRACE             GST_TRACER :0:: latency, src-element-id=(string)0x55bbd19080, src-element=(string)libcamerasrc0, src=(string)src, sink-element-id=(string)0x55bbd6bc80, sink-element=(string)udpsink0, sink=(string)sink, time=(guint64)269535030, ts=(guint64)14927681807;
0:00:14.927823290   505   0x7f90000b70 TRACE             GST_TRACER :0:: latency, src-element-id=(string)0x55bbd19080, src-element=(string)libcamerasrc0, src=(string)src, sink-element-id=(string)0x55bbd3bd60, sink-element=(string)sink, sink=(string)sink, time=(guint64)26622497, ts=(guint64)14927790178;
0:00:14.949378509   505   0x7f90001010 TRACE             GST_TRACER :0:: latency, src-element-id=(string)0x55bbd19080, src-element=(string)libcamerasrc0, src=(string)src, sink-element-id=(string)0x55bbd35510, sink-element=(string)fakesink0, sink=(string)sink, time=(guint64)199225, ts=(guint64)14949344009;
0:00:14.982833452   505   0x7f90000b70 TRACE             GST_TRACER :0:: latency, src-element-id=(string)0x55bbd19080, src-element=(string)libcamerasrc0, src=(string)src, sink-element-id=(string)0x55bbd3bd60, sink-element=(string)sink, sink=(string)sink, time=(guint64)33642538, ts=(guint64)14982787322;
0:00:14.985466592   505   0x7f90000dc0 TRACE             GST_TRACER :0:: latency, src-element-id=(string)0x55bbd19080, src-element=(string)libcamerasrc0, src=(string)src, sink-element-id=(string)0x55bbd6bc80, sink-element=(string)udpsink0, sink=(string)sink, time=(guint64)269292406, ts=(guint64)14985408610;
0:00:15.013370048   505   0x7f90001010 TRACE             GST_TRACER :0:: latency, src-element-id=(string)0x55bbd19080, src-element=(string)libcamerasrc0, src=(string)src, sink-element-id=(string)0x55bbd35510, sink-element=(string)fakesink0, sink=(string)sink, time=(guint64)194891, ts=(guint64)15013337362;
0:00:15.031529378   505   0x7f90000b70 TRACE             GST_TRACER :0:: latency, src-element-id=(string)0x55bbd19080, src-element=(string)libcamerasrc0, src=(string)src, sink-element-id=(string)0x55bbd3bd60, sink-element=(string)sink, sink=(string)sink, time=(guint64)18298295, ts=(guint64)15031440766;
0:00:15.035368068   505   0x7f90000dc0 TRACE             GST_TRACER :0:: latency, src-element-id=(string)0x55bbd19080, src-element=(string)libcamerasrc0, src=(string)src, sink-element-id=(string)0x55bbd6bc80, sink-element=(string)udpsink0, sink=(string)sink, time=(guint64)253563167, ts=(guint64)15035325160;
0:00:15.063111671   505   0x7f90001010 TRACE             GST_TRACER :0:: latency, src-element-id=(string)0x55bbd19080, src-element=(string)libcamerasrc0, src=(string)src, sink-element-id=(string)0x55bbd35510, sink-element=(string)fakesink0, sink=(string)sink, time=(guint64)275632, ts=(guint64)15063063318;
0:00:15.080874848   505   0x7f90000b70 TRACE             GST_TRACER :0:: latency, src-element-id=(string)0x55bbd19080, src-element=(string)libcamerasrc0, src=(string)src, sink-element-id=(string)0x55bbd3bd60, sink-element=(string)sink, sink=(string)sink, time=(guint64)18041921, ts=(guint64)15080829607;
0:00:15.086538910   505   0x7f90000dc0 TRACE             GST_TRACER :0:: latency, src-element-id=(string)0x55bbd19080, src-element=(string)libcamerasrc0, src=(string)src, sink-element-id=(string)0x55bbd6bc80, sink-element=(string)udpsink0, sink=(string)sink, time=(guint64)233322506, ts=(guint64)15086488243;
0:00:15.103185446   505   0x7f90001010 TRACE             GST_TRACER :0:: latency, src-element-id=(string)0x55bbd19080, src-element=(string)libcamerasrc0, src=(string)src, sink-element-id=(string)0x55bbd35510, sink-element=(string)fakesink0, sink=(string)sink, time=(guint64)1287569, ts=(guint64)15103143371;
0:00:15.131187218   505   0x7f90000b70 TRACE             GST_TRACER :0:: latency, src-element-id=(string)0x55bbd19080, src-element=(string)libcamerasrc0, src=(string)src, sink-element-id=(string)0x55bbd3bd60, sink-element=(string)sink, sink=(string)sink, time=(guint64)29284156, ts=(guint64)15131139958;
0:00:15.132524010   505   0x7f90000dc0 TRACE             GST_TRACER :0:: latency, src-element-id=(string)0x55bbd19080, src-element=(string)libcamerasrc0, src=(string)src, sink-element-id=(string)0x55bbd6bc80, sink-element=(string)udpsink0, sink=(string)sink, time=(guint64)231232457, ts=(guint64)15132400138;
0:00:15.151332755   505   0x7f90001010 TRACE             GST_TRACER :0:: latency, src-element-id=(string)0x55bbd19080, src-element=(string)libcamerasrc0, src=(string)src, sink-element-id=(string)0x55bbd35510, sink-element=(string)fakesink0, sink=(string)sink, time=(guint64)609525, ts=(guint64)15151285069;
0:00:15.182631692   505   0x7f90000b70 TRACE             GST_TRACER :0:: latency, src-element-id=(string)0x55bbd19080, src-element=(string)libcamerasrc0, src=(string)src, sink-element-id=(string)0x55bbd3bd60, sink-element=(string)sink, sink=(string)sink, time=(guint64)31906203, ts=(guint64)15182581747;
0:00:15.190806171   505   0x7f90000dc0 TRACE             GST_TRACER :0:: latency, src-element-id=(string)0x55bbd19080, src-element=(string)libcamerasrc0, src=(string)src, sink-element-id=(string)0x55bbd6bc80, sink-element=(string)udpsink0, sink=(string)sink, time=(guint64)241614405, ts=(guint64)15190759189;
0:00:15.225258922   505   0x7f90001010 TRACE             GST_TRACER :0:: latency, src-element-id=(string)0x55bbd19080, src-element=(string)libcamerasrc0, src=(string)src, sink-element-id=(string)0x55bbd35510, sink-element=(string)fakesink0, sink=(string)sink, time=(guint64)3231462, ts=(guint64)15225199366;
0:00:15.248282453   505   0x7f90000b70 TRACE             GST_TRACER :0:: latency, src-element-id=(string)0x55bbd19080, src-element=(string)libcamerasrc0, src=(string)src, sink-element-id=(string)0x55bbd3bd60, sink-element=(string)sink, sink=(string)sink, time=(guint64)26256882, ts=(guint64)15248224786;
0:00:15.249354447   505   0x7f90000dc0 TRACE             GST_TRACER :0:: latency, src-element-id=(string)0x55bbd19080, src-element=(string)libcamerasrc0, src=(string)src, sink-element-id=(string)0x55bbd6bc80, sink-element=(string)udpsink0, sink=(string)sink, time=(guint64)236147160, ts=(guint64)15249289631;
0:00:15.277078845   505   0x7f90001010 TRACE             GST_TRACER :0:: latency, src-element-id=(string)0x55bbd19080, src-element=(string)libcamerasrc0, src=(string)src, sink-element-id=(string)0x55bbd35510, sink-element=(string)fakesink0, sink=(string)sink, time=(guint64)3817876, ts=(guint64)15276989474;
0:00:15.298970494   505   0x7f90000dc0 TRACE             GST_TRACER :0:: latency, src-element-id=(string)0x55bbd19080, src-element=(string)libcamerasrc0, src=(string)src, sink-element-id=(string)0x55bbd6bc80, sink-element=(string)udpsink0, sink=(string)sink, time=(guint64)236115178, ts=(guint64)15298902864;
0:00:15.301435021   505   0x7f90000b70 TRACE             GST_TRACER :0:: latency, src-element-id=(string)0x55bbd19080, src-element=(string)libcamerasrc0, src=(string)src, sink-element-id=(string)0x55bbd3bd60, sink-element=(string)sink, sink=(string)sink, time=(guint64)28210293, ts=(guint64)15301381891;
0:00:15.329257939   505   0x7f90001010 TRACE             GST_TRACER :0:: latency, src-element-id=(string)0x55bbd19080, src-element=(string)libcamerasrc0, src=(string)src, sink-element-id=(string)0x55bbd35510, sink-element=(string)fakesink0, sink=(string)sink, time=(guint64)3100404, ts=(guint64)15329201031;
0:00:15.351915430   505   0x7f90000b70 TRACE             GST_TRACER :0:: latency, src-element-id=(string)0x55bbd19080, src-element=(string)libcamerasrc0, src=(string)src, sink-element-id=(string)0x55bbd3bd60, sink-element=(string)sink, sink=(string)sink, time=(guint64)25757302, ts=(guint64)15351857929;
0:00:15.355340301   505   0x7f90000dc0 TRACE             GST_TRACER :0:: latency, src-element-id=(string)0x55bbd19080, src-element=(string)libcamerasrc0, src=(string)src, sink-element-id=(string)0x55bbd6bc80, sink-element=(string)udpsink0, sink=(string)sink, time=(guint64)253438758, ts=(guint64)15355294560;
0:00:15.385253946   505   0x7f90001010 TRACE             GST_TRACER :0:: latency, src-element-id=(string)0x55bbd19080, src-element=(string)libcamerasrc0, src=(string)src, sink-element-id=(string)0x55bbd35510, sink-element=(string)fakesink0, sink=(string)sink, time=(guint64)4025303, ts=(guint64)15385200389;
0:00:15.409197913   505   0x7f90000dc0 TRACE             GST_TRACER :0:: latency, src-element-id=(string)0x55bbd19080, src-element=(string)libcamerasrc0, src=(string)src, sink-element-id=(string)0x55bbd6bc80, sink-element=(string)udpsink0, sink=(string)sink, time=(guint64)258471184, ts=(guint64)15409146728;
0:00:15.410461390   505   0x7f90000b70 TRACE             GST_TRACER :0:: latency, src-element-id=(string)0x55bbd19080, src-element=(string)libcamerasrc0, src=(string)src, sink-element-id=(string)0x55bbd3bd60, sink-element=(string)sink, sink=(string)sink, time=(guint64)29221211, ts=(guint64)15410396297;
0:00:15.430065273   505   0x7f90001010 TRACE             GST_TRACER :0:: latency, src-element-id=(string)0x55bbd19080, src-element=(string)libcamerasrc0, src=(string)src, sink-element-id=(string)0x55bbd35510, sink-element=(string)fakesink0, sink=(string)sink, time=(guint64)255836, ts=(guint64)15430021180;
0:00:15.448323289   505   0x7f90000b70 TRACE             GST_TRACER :0:: latency, src-element-id=(string)0x55bbd19080, src-element=(string)libcamerasrc0, src=(string)src, sink-element-id=(string)0x55bbd3bd60, sink-element=(string)sink, sink=(string)sink, time=(guint64)18508315, ts=(guint64)15448273659;
0:00:15.476983216   505   0x7f90000dc0 TRACE             GST_TRACER :0:: latency, src-element-id=(string)0x55bbd19080, src-element=(string)libcamerasrc0, src=(string)src, sink-element-id=(string)0x55bbd6bc80, sink-element=(string)udpsink0, sink=(string)sink, time=(guint64)254970719, ts=(guint64)15476938623;
0:00:15.501259855   505   0x7f90001010 TRACE             GST_TRACER :0:: latency, src-element-id=(string)0x55bbd19080, src-element=(string)libcamerasrc0, src=(string)src, sink-element-id=(string)0x55bbd35510, sink-element=(string)fakesink0, sink=(string)sink, time=(guint64)3473779, ts=(guint64)15501211372;
0:00:15.515473678   505   0x7f90000b70 TRACE             GST_TRACER :0:: latency, src-element-id=(string)0x55bbd19080, src-element=(string)libcamerasrc0, src=(string)src, sink-element-id=(string)0x55bbd3bd60, sink-element=(string)sink, sink=(string)sink, time=(guint64)17688881, ts=(guint64)15515426474;
0:00:15.553346485   505   0x7f90000dc0 TRACE             GST_TRACER :0:: latency, src-element-id=(string)0x55bbd19080, src-element=(string)libcamerasrc0, src=(string)src, sink-element-id=(string)0x55bbd6bc80, sink-element=(string)udpsink0, sink=(string)sink, time=(guint64)280100015, ts=(guint64)15553271613;
0:00:15.572859959   505   0x7f90001010 TRACE             GST_TRACER :0:: latency, src-element-id=(string)0x55bbd19080, src-element=(string)libcamerasrc0, src=(string)src, sink-element-id=(string)0x55bbd35510, sink-element=(string)fakesink0, sink=(string)sink, time=(guint64)184539, ts=(guint64)15572829236;
0:00:15.594714700   505   0x7f90000b70 TRACE             GST_TRACER :0:: latency, src-element-id=(string)0x55bbd19080, src-element=(string)libcamerasrc0, src=(string)src, sink-element-id=(string)0x55bbd3bd60, sink-element=(string)sink, sink=(string)sink, time=(guint64)22020521, ts=(guint64)15594665218;
0:00:15.627200058   505   0x7f90000dc0 TRACE             GST_TRACER :0:: latency, src-element-id=(string)0x55bbd19080, src-element=(string)libcamerasrc0, src=(string)src, sink-element-id=(string)0x55bbd6bc80, sink-element=(string)udpsink0, sink=(string)sink, time=(guint64)301047579, ts=(guint64)15627148206;
0:00:15.644516101   505   0x7f90001010 TRACE             GST_TRACER :0:: latency, src-element-id=(string)0x55bbd19080, src-element=(string)libcamerasrc0, src=(string)src, sink-element-id=(string)0x55bbd35510, sink-element=(string)fakesink0, sink=(string)sink, time=(guint64)177391, ts=(guint64)15644485508;
0:00:15.676052912   505   0x7f90000b70 TRACE             GST_TRACER :0:: latency, src-element-id=(string)0x55bbd19080, src-element=(string)libcamerasrc0, src=(string)src, sink-element-id=(string)0x55bbd3bd60, sink-element=(string)sink, sink=(string)sink, time=(guint64)31683331, ts=(guint64)15675991448;
0:00:15.690453348   505   0x7f90000dc0 TRACE             GST_TRACER :0:: latency, src-element-id=(string)0x55bbd19080, src-element=(string)libcamerasrc0, src=(string)src, sink-element-id=(string)0x55bbd6bc80, sink-element=(string)udpsink0, sink=(string)sink, time=(guint64)309232206, ts=(guint64)15690407292;
0:00:15.708115210   505   0x7f90001010 TRACE             GST_TRACER :0:: latency, src-element-id=(string)0x55bbd19080, src-element=(string)libcamerasrc0, src=(string)src, sink-element-id=(string)0x55bbd35510, sink-element=(string)fakesink0, sink=(string)sink, time=(guint64)184762, ts=(guint64)15708080321;
0:00:15.753844585   505   0x7f90000b70 TRACE             GST_TRACER :0:: latency, src-element-id=(string)0x55bbd19080, src-element=(string)libcamerasrc0, src=(string)src, sink-element-id=(string)0x55bbd3bd60, sink-element=(string)sink, sink=(string)sink, time=(guint64)45896543, ts=(guint64)15753792102;
0:00:15.757344845   505   0x7f90000dc0 TRACE             GST_TRACER :0:: latency, src-element-id=(string)0x55bbd19080, src-element=(string)libcamerasrc0, src=(string)src, sink-element-id=(string)0x55bbd6bc80, sink-element=(string)udpsink0, sink=(string)sink, time=(guint64)327521816, ts=(guint64)15757287160;
0:00:15.777353473   505   0x7f90001010 TRACE             GST_TRACER :0:: latency, src-element-id=(string)0x55bbd19080, src-element=(string)libcamerasrc0, src=(string)src, sink-element-id=(string)0x55bbd35510, sink-element=(string)fakesink0, sink=(string)sink, time=(guint64)1490387, ts=(guint64)15777271380;
0:00:15.810146168   505   0x7f90000b70 TRACE             GST_TRACER :0:: latency, src-element-id=(string)0x55bbd19080, src-element=(string)libcamerasrc0, src=(string)src, sink-element-id=(string)0x55bbd3bd60, sink-element=(string)sink, sink=(string)sink, time=(guint64)34286397, ts=(guint64)15810067390;
0:00:15.811075123   505   0x7f90000dc0 TRACE             GST_TRACER :0:: latency, src-element-id=(string)0x55bbd19080, src-element=(string)libcamerasrc0, src=(string)src, sink-element-id=(string)0x55bbd6bc80, sink-element=(string)udpsink0, sink=(string)sink, time=(guint64)313276807, ts=(guint64)15811014400;
0:00:15.837221986   505   0x7f90001010 TRACE             GST_TRACER :0:: latency, src-element-id=(string)0x55bbd19080, src-element=(string)libcamerasrc0, src=(string)src, sink-element-id=(string)0x55bbd35510, sink-element=(string)fakesink0, sink=(string)sink, time=(guint64)5420116, ts=(guint64)15837168300;
0:00:15.860264925   505   0x7f90000dc0 TRACE             GST_TRACER :0:: latency, src-element-id=(string)0x55bbd19080, src-element=(string)libcamerasrc0, src=(string)src, sink-element-id=(string)0x55bbd6bc80, sink-element=(string)udpsink0, sink=(string)sink, time=(guint64)287564190, ts=(guint64)15860208887;
0:00:15.862716119   505   0x7f90000b70 TRACE             GST_TRACER :0:: latency, src-element-id=(string)0x55bbd19080, src-element=(string)libcamerasrc0, src=(string)src, sink-element-id=(string)0x55bbd3bd60, sink-element=(string)sink, sink=(string)sink, time=(guint64)30907323, ts=(guint64)15862655507;
0:00:15.882246075   505   0x7f90001010 TRACE             GST_TRACER :0:: latency, src-element-id=(string)0x55bbd19080, src-element=(string)libcamerasrc0, src=(string)src, sink-element-id=(string)0x55bbd35510, sink-element=(string)fakesink0, sink=(string)sink, time=(guint64)186058, ts=(guint64)15882211593;
0:00:15.913464547   505   0x7f90000dc0 TRACE             GST_TRACER :0:: latency, src-element-id=(string)0x55bbd19080, src-element=(string)libcamerasrc0, src=(string)src, sink-element-id=(string)0x55bbd6bc80, sink-element=(string)udpsink0, sink=(string)sink, time=(guint64)269103392, ts=(guint64)15913411509;
0:00:15.914660671   505   0x7f90000b70 TRACE             GST_TRACER :0:: latency, src-element-id=(string)0x55bbd19080, src-element=(string)libcamerasrc0, src=(string)src, sink-element-id=(string)0x55bbd3bd60, sink-element=(string)sink, sink=(string)sink, time=(guint64)32581450, ts=(guint64)15914606985;
0:00:15.930496954   505   0x7f90001010 TRACE             GST_TRACER :0:: latency, src-element-id=(string)0x55bbd19080, src-element=(string)libcamerasrc0, src=(string)src, sink-element-id=(string)0x55bbd35510, sink-element=(string)fakesink0, sink=(string)sink, time=(guint64)174465, ts=(guint64)15930467509;
0:00:15.962259559   505   0x7f90000b70 TRACE             GST_TRACER :0:: latency, src-element-id=(string)0x55bbd19080, src-element=(string)libcamerasrc0, src=(string)src, sink-element-id=(string)0x55bbd3bd60, sink-element=(string)sink, sink=(string)sink, time=(guint64)31907366, ts=(guint64)15962200410;
0:00:15.990951130   505   0x7f90000dc0 TRACE             GST_TRACER :0:: latency, src-element-id=(string)0x55bbd19080, src-element=(string)libcamerasrc0, src=(string)src, sink-element-id=(string)0x55bbd6bc80, sink-element=(string)udpsink0, sink=(string)sink, time=(guint64)283006959, ts=(guint64)15990902518;
0:00:16.014125215   505   0x7f90001010 TRACE             GST_TRACER :0:: latency, src-element-id=(string)0x55bbd19080, src-element=(string)libcamerasrc0, src=(string)src, sink-element-id=(string)0x55bbd35510, sink-element=(string)fakesink0, sink=(string)sink, time=(guint64)505764, ts=(guint64)16014083844;
0:00:16.047613542   505   0x7f90000b70 TRACE             GST_TRACER :0:: latency, src-element-id=(string)0x55bbd19080, src-element=(string)libcamerasrc0, src=(string)src, sink-element-id=(string)0x55bbd3bd60, sink-element=(string)sink, sink=(string)sink, time=(guint64)33987369, ts=(guint64)16047565449;
0:00:16.064847674   505   0x7f90000dc0 TRACE             GST_TRACER :0:: latency, src-element-id=(string)0x55bbd19080, src-element=(string)libcamerasrc0, src=(string)src, sink-element-id=(string)0x55bbd6bc80, sink-element=(string)udpsink0, sink=(string)sink, time=(guint64)289015495, ts=(guint64)16064796488;
0:00:16.089528146   505   0x7f90001010 TRACE             GST_TRACER :0:: latency, src-element-id=(string)0x55bbd19080, src-element=(string)libcamerasrc0, src=(string)src, sink-element-id=(string)0x55bbd35510, sink-element=(string)fakesink0, sink=(string)sink, time=(guint64)182521, ts=(guint64)16089495479;
0:00:16.123606609   505   0x7f90000b70 TRACE             GST_TRACER :0:: latency, src-element-id=(string)0x55bbd19080, src-element=(string)libcamerasrc0, src=(string)src, sink-element-id=(string)0x55bbd3bd60, sink-element=(string)sink, sink=(string)sink, time=(guint64)34240965, ts=(guint64)16123553923;
0:00:16.141306339   505   0x7f90000dc0 TRACE             GST_TRACER :0:: latency, src-element-id=(string)0x55bbd19080, src-element=(string)libcamerasrc0, src=(string)src, sink-element-id=(string)0x55bbd6bc80, sink-element=(string)udpsink0, sink=(string)sink, time=(guint64)309503821, ts=(guint64)16141252005;
0:00:16.169254883   505   0x7f90001010 TRACE             GST_TRACER :0:: latency, src-element-id=(string)0x55bbd19080, src-element=(string)libcamerasrc0, src=(string)src, sink-element-id=(string)0x55bbd35510, sink-element=(string)fakesink0, sink=(string)sink, time=(guint64)8916023, ts=(guint64)16169200142;
0:00:16.192296060   505   0x7f90000b70 TRACE             GST_TRACER :0:: latency, src-element-id=(string)0x55bbd19080, src-element=(string)libcamerasrc0, src=(string)src, sink-element-id=(string)0x55bbd3bd60, sink-element=(string)sink, sink=(string)sink, time=(guint64)31959533, ts=(guint64)16192243652;
0:00:16.197933676   505   0x7f90000dc0 TRACE             GST_TRACER :0:: latency, src-element-id=(string)0x55bbd19080, src-element=(string)libcamerasrc0, src=(string)src, sink-element-id=(string)0x55bbd6bc80, sink-element=(string)udpsink0, sink=(string)sink, time=(guint64)315857993, ts=(guint64)16197883528;
0:00:16.225534810   505   0x7f90001010 TRACE             GST_TRACER :0:: latency, src-element-id=(string)0x55bbd19080, src-element=(string)libcamerasrc0, src=(string)src, sink-element-id=(string)0x55bbd35510, sink-element=(string)fakesink0, sink=(string)sink, time=(guint64)328059, ts=(guint64)16225496902;
0:00:16.250055965   505   0x7f90000dc0 TRACE             GST_TRACER :0:: latency, src-element-id=(string)0x55bbd19080, src-element=(string)libcamerasrc0, src=(string)src, sink-element-id=(string)0x55bbd6bc80, sink-element=(string)udpsink0, sink=(string)sink, time=(guint64)319698106, ts=(guint64)16249991150;
0:00:16.251624945   505   0x7f90000b70 TRACE             GST_TRACER :0:: latency, src-element-id=(string)0x55bbd19080, src-element=(string)libcamerasrc0, src=(string)src, sink-element-id=(string)0x55bbd3bd60, sink-element=(string)sink, sink=(string)sink, time=(guint64)26375861, ts=(guint64)16251544704;
0:00:16.273525183   505   0x7f90001010 TRACE             GST_TRACER :0:: latency, src-element-id=(string)0x55bbd19080, src-element=(string)libcamerasrc0, src=(string)src, sink-element-id=(string)0x55bbd35510, sink-element=(string)fakesink0, sink=(string)sink, time=(guint64)282058, ts=(guint64)16273489479;
0:00:16.303713215   505   0x7f90000dc0 TRACE             GST_TRACER :0:: latency, src-element-id=(string)0x55bbd19080, src-element=(string)libcamerasrc0, src=(string)src, sink-element-id=(string)0x55bbd6bc80, sink-element=(string)udpsink0, sink=(string)sink, time=(guint64)290066986, ts=(guint64)16303645066;
0:00:16.303856847   505   0x7f90000b70 TRACE             GST_TRACER :0:: latency, src-element-id=(string)0x55bbd19080, src-element=(string)libcamerasrc0, src=(string)src, sink-element-id=(string)0x55bbd3bd60, sink-element=(string)sink, sink=(string)sink, time=(guint64)30612203, ts=(guint64)16303819624;
0:00:16.333518539   505   0x7f90001010 TRACE             GST_TRACER :0:: latency, src-element-id=(string)0x55bbd19080, src-element=(string)libcamerasrc0, src=(string)src, sink-element-id=(string)0x55bbd35510, sink-element=(string)fakesink0, sink=(string)sink, time=(guint64)287095, ts=(guint64)16333483761;
0:00:16.354286821   505   0x7f90000b70 TRACE             GST_TRACER :0:: latency, src-element-id=(string)0x55bbd19080, src-element=(string)libcamerasrc0, src=(string)src, sink-element-id=(string)0x55bbd3bd60, sink-element=(string)sink, sink=(string)sink, time=(guint64)21013950, ts=(guint64)16354210616;
0:00:16.362451835   505   0x7f90000dc0 TRACE             GST_TRACER :0:: latency, src-element-id=(string)0x55bbd19080, src-element=(string)libcamerasrc0, src=(string)src, sink-element-id=(string)0x55bbd6bc80, sink-element=(string)udpsink0, sink=(string)sink, time=(guint64)273067247, ts=(guint64)16362380205;
0:00:16.389514741   505   0x7f90001010 TRACE             GST_TRACER :0:: latency, src-element-id=(string)0x55bbd19080, src-element=(string)libcamerasrc0, src=(string)src, sink-element-id=(string)0x55bbd35510, sink-element=(string)fakesink0, sink=(string)sink, time=(guint64)338763, ts=(guint64)16389470777;
0:00:16.427069723   505   0x7f90000b70 TRACE             GST_TRACER :0:: latency, src-element-id=(string)0x55bbd19080, src-element=(string)libcamerasrc0, src=(string)src, sink-element-id=(string)0x55bbd3bd60, sink-element=(string)sink, sink=(string)sink, time=(guint64)35852872, ts=(guint64)16424984886;
0:00:16.427449190   505   0x7f90000dc0 TRACE             GST_TRACER :0:: latency, src-element-id=(string)0x55bbd19080, src-element=(string)libcamerasrc0, src=(string)src, sink-element-id=(string)0x55bbd6bc80, sink-element=(string)udpsink0, sink=(string)sink, time=(guint64)267103996, ts=(guint64)16427388115;
0:00:16.469431128   505   0x7f90001010 TRACE             GST_TRACER :0:: latency, src-element-id=(string)0x55bbd19080, src-element=(string)libcamerasrc0, src=(string)src, sink-element-id=(string)0x55bbd35510, sink-element=(string)fakesink0, sink=(string)sink, time=(guint64)267188, ts=(guint64)16469398257;
0:00:16.484472384   505   0x7f90000dc0 TRACE             GST_TRACER :0:: latency, src-element-id=(string)0x55bbd19080, src-element=(string)libcamerasrc0, src=(string)src, sink-element-id=(string)0x55bbd6bc80, sink-element=(string)udpsink0, sink=(string)sink, time=(guint64)259244078, ts=(guint64)16484412921;
0:00:16.503662630   505   0x7f90000b70 TRACE             GST_TRACER :0:: latency, src-element-id=(string)0x55bbd19080, src-element=(string)libcamerasrc0, src=(string)src, sink-element-id=(string)0x55bbd3bd60, sink-element=(string)sink, sink=(string)sink, time=(guint64)34466857, ts=(guint64)16503597926;
0:00:16.513469570   505   0x7f90001010 TRACE             GST_TRACER :0:: latency, src-element-id=(string)0x55bbd19080, src-element=(string)libcamerasrc0, src=(string)src, sink-element-id=(string)0x55bbd35510, sink-element=(string)fakesink0, sink=(string)sink, time=(guint64)282800, ts=(guint64)16513435644;
0:00:16.541252927   505   0x7f90000dc0 TRACE             GST_TRACER :0:: latency, src-element-id=(string)0x55bbd19080, src-element=(string)libcamerasrc0, src=(string)src, sink-element-id=(string)0x55bbd6bc80, sink-element=(string)udpsink0, sink=(string)sink, time=(guint64)267995728, ts=(guint64)16541203149;
0:00:16.549613129   505   0x7f90000b70 TRACE             GST_TRACER :0:: latency, src-element-id=(string)0x55bbd19080, src-element=(string)libcamerasrc0, src=(string)src, sink-element-id=(string)0x55bbd3bd60, sink-element=(string)sink, sink=(string)sink, time=(guint64)36395100, ts=(guint64)16549547944;
Frames recibidos: 300
0:00:16.569517364   505   0x7f90001010 TRACE             GST_TRACER :0:: latency, src-element-id=(string)0x55bbd19080, src-element=(string)libcamerasrc0, src=(string)src, sink-element-id=(string)0x55bbd35510, sink-element=(string)fakesink0, sink=(string)sink, time=(guint64)310207, ts=(guint64)16569479086;
0:00:16.593437032   505   0x7f90000dc0 TRACE             GST_TRACER :0:: latency, src-element-id=(string)0x55bbd19080, src-element=(string)libcamerasrc0, src=(string)src, sink-element-id=(string)0x55bbd6bc80, sink-element=(string)udpsink0, sink=(string)sink, time=(guint64)260151643, ts=(guint64)16593348309;
0:00:16.599210372   505   0x7f90000b70 TRACE             GST_TRACER :0:: latency, src-element-id=(string)0x55bbd19080, src-element=(string)libcamerasrc0, src=(string)src, sink-element-id=(string)0x55bbd3bd60, sink-element=(string)sink, sink=(string)sink, time=(guint64)29973252, ts=(guint64)16599142131;
0:00:16.621544356   505   0x7f90001010 TRACE             GST_TRACER :0:: latency, src-element-id=(string)0x55bbd19080, src-element=(string)libcamerasrc0, src=(string)src, sink-element-id=(string)0x55bbd35510, sink-element=(string)fakesink0, sink=(string)sink, time=(guint64)327985, ts=(guint64)16621504985;
0:00:16.644545199   505   0x7f90000b70 TRACE             GST_TRACER :0:: latency, src-element-id=(string)0x55bbd19080, src-element=(string)libcamerasrc0, src=(string)src, sink-element-id=(string)0x55bbd3bd60, sink-element=(string)sink, sink=(string)sink, time=(guint64)23303605, ts=(guint64)16644480605;
0:00:16.645370319   505   0x7f90000dc0 TRACE             GST_TRACER :0:: latency, src-element-id=(string)0x55bbd19080, src-element=(string)libcamerasrc0, src=(string)src, sink-element-id=(string)0x55bbd6bc80, sink-element=(string)udpsink0, sink=(string)sink, time=(guint64)256173952, ts=(guint64)16645305966;
0:00:16.669606101   505   0x7f90001010 TRACE             GST_TRACER :0:: latency, src-element-id=(string)0x55bbd19080, src-element=(string)libcamerasrc0, src=(string)src, sink-element-id=(string)0x55bbd35510, sink-element=(string)fakesink0, sink=(string)sink, time=(guint64)362911, ts=(guint64)16669517192;
0:00:16.693403248   505   0x7f90000dc0 TRACE             GST_TRACER :0:: latency, src-element-id=(string)0x55bbd19080, src-element=(string)libcamerasrc0, src=(string)src, sink-element-id=(string)0x55bbd6bc80, sink-element=(string)udpsink0, sink=(string)sink, time=(guint64)224205197, ts=(guint64)16693336266;
0:00:16.694492112   505   0x7f90000b70 TRACE             GST_TRACER :0:: latency, src-element-id=(string)0x55bbd19080, src-element=(string)libcamerasrc0, src=(string)src, sink-element-id=(string)0x55bbd3bd60, sink-element=(string)sink, sink=(string)sink, time=(guint64)25264589, ts=(guint64)16694418870;
0:00:16.725625284   505   0x7f90001010 TRACE             GST_TRACER :0:: latency, src-element-id=(string)0x55bbd19080, src-element=(string)libcamerasrc0, src=(string)src, sink-element-id=(string)0x55bbd35510, sink-element=(string)fakesink0, sink=(string)sink, time=(guint64)370319, ts=(guint64)16725583802;
0:00:16.742121148   505   0x7f90000dc0 TRACE             GST_TRACER :0:: latency, src-element-id=(string)0x55bbd19080, src-element=(string)libcamerasrc0, src=(string)src, sink-element-id=(string)0x55bbd6bc80, sink-element=(string)udpsink0, sink=(string)sink, time=(guint64)228890137, ts=(guint64)16742042981;
0:00:16.743464033   505   0x7f90000b70 TRACE             GST_TRACER :0:: latency, src-element-id=(string)0x55bbd19080, src-element=(string)libcamerasrc0, src=(string)src, sink-element-id=(string)0x55bbd3bd60, sink-element=(string)sink, sink=(string)sink, time=(guint64)18173235, ts=(guint64)16743386718;
0:00:16.769423186   505   0x7f90001010 TRACE             GST_TRACER :0:: latency, src-element-id=(string)0x55bbd19080, src-element=(string)libcamerasrc0, src=(string)src, sink-element-id=(string)0x55bbd35510, sink-element=(string)fakesink0, sink=(string)sink, time=(guint64)263873, ts=(guint64)16769391056;
0:00:16.789015640   505   0x7f90000dc0 TRACE             GST_TRACER :0:: latency, src-element-id=(string)0x55bbd19080, src-element=(string)libcamerasrc0, src=(string)src, sink-element-id=(string)0x55bbd6bc80, sink-element=(string)udpsink0, sink=(string)sink, time=(guint64)219793982, ts=(guint64)16788962861;
0:00:16.792944905   505   0x7f90000b70 TRACE             GST_TRACER :0:: latency, src-element-id=(string)0x55bbd19080, src-element=(string)libcamerasrc0, src=(string)src, sink-element-id=(string)0x55bbd3bd60, sink-element=(string)sink, sink=(string)sink, time=(guint64)23764814, ts=(guint64)16792891997;
0:00:16.809241637   505   0x7f90001010 TRACE             GST_TRACER :0:: latency, src-element-id=(string)0x55bbd19080, src-element=(string)libcamerasrc0, src=(string)src, sink-element-id=(string)0x55bbd35510, sink-element=(string)fakesink0, sink=(string)sink, time=(guint64)409357, ts=(guint64)16809200989;
0:00:16.837433185   505   0x7f90000dc0 TRACE             GST_TRACER :0:: latency, src-element-id=(string)0x55bbd19080, src-element=(string)libcamerasrc0, src=(string)src, sink-element-id=(string)0x55bbd6bc80, sink-element=(string)udpsink0, sink=(string)sink, time=(guint64)216206554, ts=(guint64)16837383554;
0:00:16.843000319   505   0x7f90000b70 TRACE             GST_TRACER :0:: latency, src-element-id=(string)0x55bbd19080, src-element=(string)libcamerasrc0, src=(string)src, sink-element-id=(string)0x55bbd3bd60, sink-element=(string)sink, sink=(string)sink, time=(guint64)34135223, ts=(guint64)16842926855;
0:00:16.861914988   505   0x7f90001010 TRACE             GST_TRACER :0:: latency, src-element-id=(string)0x55bbd19080, src-element=(string)libcamerasrc0, src=(string)src, sink-element-id=(string)0x55bbd35510, sink-element=(string)fakesink0, sink=(string)sink, time=(guint64)446079, ts=(guint64)16861883876;
0:00:16.895289943   505   0x7f90000dc0 TRACE             GST_TRACER :0:: latency, src-element-id=(string)0x55bbd19080, src-element=(string)libcamerasrc0, src=(string)src, sink-element-id=(string)0x55bbd6bc80, sink-element=(string)udpsink0, sink=(string)sink, time=(guint64)226064958, ts=(guint64)16895219239;
0:00:16.903785665   505   0x7f90000b70 TRACE             GST_TRACER :0:: latency, src-element-id=(string)0x55bbd19080, src-element=(string)libcamerasrc0, src=(string)src, sink-element-id=(string)0x55bbd3bd60, sink-element=(string)sink, sink=(string)sink, time=(guint64)41562711, ts=(guint64)16903000508;
0:00:16.920154359   505   0x7f90001010 TRACE             GST_TRACER :0:: latency, src-element-id=(string)0x55bbd19080, src-element=(string)libcamerasrc0, src=(string)src, sink-element-id=(string)0x55bbd35510, sink-element=(string)fakesink0, sink=(string)sink, time=(guint64)291873, ts=(guint64)16920116099;
0:00:16.956246153   505   0x7f90000dc0 TRACE             GST_TRACER :0:: latency, src-element-id=(string)0x55bbd19080, src-element=(string)libcamerasrc0, src=(string)src, sink-element-id=(string)0x55bbd6bc80, sink-element=(string)udpsink0, sink=(string)sink, time=(guint64)230971836, ts=(guint64)16956185319;
0:00:16.963184098   505   0x7f90000b70 TRACE             GST_TRACER :0:: latency, src-element-id=(string)0x55bbd19080, src-element=(string)libcamerasrc0, src=(string)src, sink-element-id=(string)0x55bbd3bd60, sink-element=(string)sink, sink=(string)sink, time=(guint64)43285963, ts=(guint64)16963110189;
0:00:16.982148782   505   0x7f90001010 TRACE             GST_TRACER :0:: latency, src-element-id=(string)0x55bbd19080, src-element=(string)libcamerasrc0, src=(string)src, sink-element-id=(string)0x55bbd35510, sink-element=(string)fakesink0, sink=(string)sink, time=(guint64)281188, ts=(guint64)16982113115;
0:00:17.011368447   505   0x7f90000b70 TRACE             GST_TRACER :0:: latency, src-element-id=(string)0x55bbd19080, src-element=(string)libcamerasrc0, src=(string)src, sink-element-id=(string)0x55bbd3bd60, sink-element=(string)sink, sink=(string)sink, time=(guint64)29479742, ts=(guint64)17011311669;
0:00:17.014663631   505   0x7f90000dc0 TRACE             GST_TRACER :0:: latency, src-element-id=(string)0x55bbd19080, src-element=(string)libcamerasrc0, src=(string)src, sink-element-id=(string)0x55bbd6bc80, sink-element=(string)udpsink0, sink=(string)sink, time=(guint64)245410650, ts=(guint64)17014537833;
0:00:17.041549882   505   0x7f90001010 TRACE             GST_TRACER :0:: latency, src-element-id=(string)0x55bbd19080, src-element=(string)libcamerasrc0, src=(string)src, sink-element-id=(string)0x55bbd35510, sink-element=(string)fakesink0, sink=(string)sink, time=(guint64)328466, ts=(guint64)17041507807;
0:00:17.057654629   505   0x7f90000dc0 TRACE             GST_TRACER :0:: latency, src-element-id=(string)0x55bbd19080, src-element=(string)libcamerasrc0, src=(string)src, sink-element-id=(string)0x55bbd6bc80, sink-element=(string)udpsink0, sink=(string)sink, time=(guint64)248809422, ts=(guint64)17057601054;
0:00:17.063026982   505   0x7f90000b70 TRACE             GST_TRACER :0:: latency, src-element-id=(string)0x55bbd19080, src-element=(string)libcamerasrc0, src=(string)src, sink-element-id=(string)0x55bbd3bd60, sink-element=(string)sink, sink=(string)sink, time=(guint64)21777789, ts=(guint64)17062957130;
0:00:17.081432050   505   0x7f90001010 TRACE             GST_TRACER :0:: latency, src-element-id=(string)0x55bbd19080, src-element=(string)libcamerasrc0, src=(string)src, sink-element-id=(string)0x55bbd35510, sink-element=(string)fakesink0, sink=(string)sink, time=(guint64)207780, ts=(guint64)17081395068;
0:00:17.109511388   505   0x7f90000dc0 TRACE             GST_TRACER :0:: latency, src-element-id=(string)0x55bbd19080, src-element=(string)libcamerasrc0, src=(string)src, sink-element-id=(string)0x55bbd6bc80, sink-element=(string)udpsink0, sink=(string)sink, time=(guint64)247994627, ts=(guint64)17109432424;
0:00:17.112839164   505   0x7f90000b70 TRACE             GST_TRACER :0:: latency, src-element-id=(string)0x55bbd19080, src-element=(string)libcamerasrc0, src=(string)src, sink-element-id=(string)0x55bbd3bd60, sink-element=(string)sink, sink=(string)sink, time=(guint64)31580950, ts=(guint64)17112768238;
0:00:17.132091167   505   0x7f90001010 TRACE             GST_TRACER :0:: latency, src-element-id=(string)0x55bbd19080, src-element=(string)libcamerasrc0, src=(string)src, sink-element-id=(string)0x55bbd35510, sink-element=(string)fakesink0, sink=(string)sink, time=(guint64)205557, ts=(guint64)17132047555;
0:00:17.157420976   505   0x7f90000b70 TRACE             GST_TRACER :0:: latency, src-element-id=(string)0x55bbd19080, src-element=(string)libcamerasrc0, src=(string)src, sink-element-id=(string)0x55bbd3bd60, sink-element=(string)sink, sink=(string)sink, time=(guint64)25514625, ts=(guint64)17157356623;
0:00:17.157920685   505   0x7f90000dc0 TRACE             GST_TRACER :0:: latency, src-element-id=(string)0x55bbd19080, src-element=(string)libcamerasrc0, src=(string)src, sink-element-id=(string)0x55bbd6bc80, sink-element=(string)udpsink0, sink=(string)sink, time=(guint64)238046514, ts=(guint64)17157870740;
0:00:17.185597315   505   0x7f90001010 TRACE             GST_TRACER :0:: latency, src-element-id=(string)0x55bbd19080, src-element=(string)libcamerasrc0, src=(string)src, sink-element-id=(string)0x55bbd35510, sink-element=(string)fakesink0, sink=(string)sink, time=(guint64)220465, ts=(guint64)17185555499;
0:00:17.209219086   505   0x7f90000dc0 TRACE             GST_TRACER :0:: latency, src-element-id=(string)0x55bbd19080, src-element=(string)libcamerasrc0, src=(string)src, sink-element-id=(string)0x55bbd6bc80, sink-element=(string)udpsink0, sink=(string)sink, time=(guint64)227315936, ts=(guint64)17209147863;
0:00:17.213582911   505   0x7f90000b70 TRACE             GST_TRACER :0:: latency, src-element-id=(string)0x55bbd19080, src-element=(string)libcamerasrc0, src=(string)src, sink-element-id=(string)0x55bbd3bd60, sink-element=(string)sink, sink=(string)sink, time=(guint64)28198450, ts=(guint64)17213533484;
0:00:17.236843716   505   0x7f90001010 TRACE             GST_TRACER :0:: latency, src-element-id=(string)0x55bbd19080, src-element=(string)libcamerasrc0, src=(string)src, sink-element-id=(string)0x55bbd35510, sink-element=(string)fakesink0, sink=(string)sink, time=(guint64)204428, ts=(guint64)17236804345;
0:00:17.266106640   505   0x7f90000b70 TRACE             GST_TRACER :0:: latency, src-element-id=(string)0x55bbd19080, src-element=(string)libcamerasrc0, src=(string)src, sink-element-id=(string)0x55bbd3bd60, sink-element=(string)sink, sink=(string)sink, time=(guint64)29455112, ts=(guint64)17266055029;
0:00:17.274321617   505   0x7f90000dc0 TRACE             GST_TRACER :0:: latency, src-element-id=(string)0x55bbd19080, src-element=(string)libcamerasrc0, src=(string)src, sink-element-id=(string)0x55bbd6bc80, sink-element=(string)udpsink0, sink=(string)sink, time=(guint64)233086868, ts=(guint64)17274266209;
0:00:17.293347210   505   0x7f90001010 TRACE             GST_TRACER :0:: latency, src-element-id=(string)0x55bbd19080, src-element=(string)libcamerasrc0, src=(string)src, sink-element-id=(string)0x55bbd35510, sink-element=(string)fakesink0, sink=(string)sink, time=(guint64)191761, ts=(guint64)17293304376;
0:00:17.323096566   505   0x7f90000b70 TRACE             GST_TRACER :0:: latency, src-element-id=(string)0x55bbd19080, src-element=(string)libcamerasrc0, src=(string)src, sink-element-id=(string)0x55bbd3bd60, sink-element=(string)sink, sink=(string)sink, time=(guint64)29936321, ts=(guint64)17323048936;
0:00:17.332785559   505   0x7f90000dc0 TRACE             GST_TRACER :0:: latency, src-element-id=(string)0x55bbd19080, src-element=(string)libcamerasrc0, src=(string)src, sink-element-id=(string)0x55bbd6bc80, sink-element=(string)udpsink0, sink=(string)sink, time=(guint64)251558400, ts=(guint64)17332745688;
0:00:17.361210715   505   0x7f90001010 TRACE             GST_TRACER :0:: latency, src-element-id=(string)0x55bbd19080, src-element=(string)libcamerasrc0, src=(string)src, sink-element-id=(string)0x55bbd35510, sink-element=(string)fakesink0, sink=(string)sink, time=(guint64)3985950, ts=(guint64)17361160492;
0:00:17.382233792   505   0x7f90000b70 TRACE             GST_TRACER :0:: latency, src-element-id=(string)0x55bbd19080, src-element=(string)libcamerasrc0, src=(string)src, sink-element-id=(string)0x55bbd3bd60, sink-element=(string)sink, sink=(string)sink, time=(guint64)24928656, ts=(guint64)17382103198;
0:00:17.393503506   505   0x7f90000dc0 TRACE             GST_TRACER :0:: latency, src-element-id=(string)0x55bbd19080, src-element=(string)libcamerasrc0, src=(string)src, sink-element-id=(string)0x55bbd6bc80, sink-element=(string)udpsink0, sink=(string)sink, time=(guint64)261582970, ts=(guint64)17393424968;
0:00:17.425517589   505   0x7f90001010 TRACE             GST_TRACER :0:: latency, src-element-id=(string)0x55bbd19080, src-element=(string)libcamerasrc0, src=(string)src, sink-element-id=(string)0x55bbd35510, sink-element=(string)fakesink0, sink=(string)sink, time=(guint64)261540, ts=(guint64)17425469774;
0:00:17.444397273   505   0x7f90000dc0 TRACE             GST_TRACER :0:: latency, src-element-id=(string)0x55bbd19080, src-element=(string)libcamerasrc0, src=(string)src, sink-element-id=(string)0x55bbd6bc80, sink-element=(string)udpsink0, sink=(string)sink, time=(guint64)259002053, ts=(guint64)17444337087;
0:00:17.446428332   505   0x7f90000b70 TRACE             GST_TRACER :0:: latency, src-element-id=(string)0x55bbd19080, src-element=(string)libcamerasrc0, src=(string)src, sink-element-id=(string)0x55bbd3bd60, sink-element=(string)sink, sink=(string)sink, time=(guint64)21172635, ts=(guint64)17446380869;
0:00:17.473511844   505   0x7f90001010 TRACE             GST_TRACER :0:: latency, src-element-id=(string)0x55bbd19080, src-element=(string)libcamerasrc0, src=(string)src, sink-element-id=(string)0x55bbd35510, sink-element=(string)fakesink0, sink=(string)sink, time=(guint64)221872, ts=(guint64)17473471677;
0:00:17.493495948   505   0x7f90000dc0 TRACE             GST_TRACER :0:: latency, src-element-id=(string)0x55bbd19080, src-element=(string)libcamerasrc0, src=(string)src, sink-element-id=(string)0x55bbd6bc80, sink-element=(string)udpsink0, sink=(string)sink, time=(guint64)256835048, ts=(guint64)17493434965;
0:00:17.499271065   505   0x7f90000b70 TRACE             GST_TRACER :0:: latency, src-element-id=(string)0x55bbd19080, src-element=(string)libcamerasrc0, src=(string)src, sink-element-id=(string)0x55bbd3bd60, sink-element=(string)sink, sink=(string)sink, time=(guint64)25964519, ts=(guint64)17499214324;
0:00:17.525252529   505   0x7f90001010 TRACE             GST_TRACER :0:: latency, src-element-id=(string)0x55bbd19080, src-element=(string)libcamerasrc0, src=(string)src, sink-element-id=(string)0x55bbd35510, sink-element=(string)fakesink0, sink=(string)sink, time=(guint64)3024014, ts=(guint64)17525198565;
0:00:17.542456306   505   0x7f90000b70 TRACE             GST_TRACER :0:: latency, src-element-id=(string)0x55bbd19080, src-element=(string)libcamerasrc0, src=(string)src, sink-element-id=(string)0x55bbd3bd60, sink-element=(string)sink, sink=(string)sink, time=(guint64)20227735, ts=(guint64)17542402286;
0:00:17.549289064   505   0x7f90000dc0 TRACE             GST_TRACER :0:: latency, src-element-id=(string)0x55bbd19080, src-element=(string)libcamerasrc0, src=(string)src, sink-element-id=(string)0x55bbd6bc80, sink-element=(string)udpsink0, sink=(string)sink, time=(guint64)256126652, ts=(guint64)17549239267;
0:00:17.573997440   505   0x7f90001010 TRACE             GST_TRACER :0:: latency, src-element-id=(string)0x55bbd19080, src-element=(string)libcamerasrc0, src=(string)src, sink-element-id=(string)0x55bbd35510, sink-element=(string)fakesink0, sink=(string)sink, time=(guint64)191058, ts=(guint64)17573959551;
0:00:17.591308885   505   0x7f90000b70 TRACE             GST_TRACER :0:: latency, src-element-id=(string)0x55bbd19080, src-element=(string)libcamerasrc0, src=(string)src, sink-element-id=(string)0x55bbd3bd60, sink-element=(string)sink, sink=(string)sink, time=(guint64)17487836, ts=(guint64)17591256329;
0:00:17.595399595   505   0x7f90000dc0 TRACE             GST_TRACER :0:: latency, src-element-id=(string)0x55bbd19080, src-element=(string)libcamerasrc0, src=(string)src, sink-element-id=(string)0x55bbd6bc80, sink-element=(string)udpsink0, sink=(string)sink, time=(guint64)238172127, ts=(guint64)17595346669;
0:00:17.620914943   505   0x7f90001010 TRACE             GST_TRACER :0:: latency, src-element-id=(string)0x55bbd19080, src-element=(string)libcamerasrc0, src=(string)src, sink-element-id=(string)0x55bbd35510, sink-element=(string)fakesink0, sink=(string)sink, time=(guint64)227614, ts=(guint64)17620872146;
0:00:17.638391908   505   0x7f90000b70 TRACE             GST_TRACER :0:: latency, src-element-id=(string)0x55bbd19080, src-element=(string)libcamerasrc0, src=(string)src, sink-element-id=(string)0x55bbd3bd60, sink-element=(string)sink, sink=(string)sink, time=(guint64)17698579, ts=(guint64)17638343111;
0:00:17.646198269   505   0x7f90000dc0 TRACE             GST_TRACER :0:: latency, src-element-id=(string)0x55bbd19080, src-element=(string)libcamerasrc0, src=(string)src, sink-element-id=(string)0x55bbd6bc80, sink-element=(string)udpsink0, sink=(string)sink, time=(guint64)220939701, ts=(guint64)17646147935;
0:00:17.670625661   505   0x7f90001010 TRACE             GST_TRACER :0:: latency, src-element-id=(string)0x55bbd19080, src-element=(string)libcamerasrc0, src=(string)src, sink-element-id=(string)0x55bbd35510, sink-element=(string)fakesink0, sink=(string)sink, time=(guint64)202540, ts=(guint64)17670591031;
0:00:17.694228173   505   0x7f90000dc0 TRACE             GST_TRACER :0:: latency, src-element-id=(string)0x55bbd19080, src-element=(string)libcamerasrc0, src=(string)src, sink-element-id=(string)0x55bbd6bc80, sink-element=(string)udpsink0, sink=(string)sink, time=(guint64)220933738, ts=(guint64)17694183543;
0:00:17.700283886   505   0x7f90000b70 TRACE             GST_TRACER :0:: latency, src-element-id=(string)0x55bbd19080, src-element=(string)libcamerasrc0, src=(string)src, sink-element-id=(string)0x55bbd3bd60, sink-element=(string)sink, sink=(string)sink, time=(guint64)29773653, ts=(guint64)17700162144;
0:00:17.717798055   505   0x7f90001010 TRACE             GST_TRACER :0:: latency, src-element-id=(string)0x55bbd19080, src-element=(string)libcamerasrc0, src=(string)src, sink-element-id=(string)0x55bbd35510, sink-element=(string)fakesink0, sink=(string)sink, time=(guint64)234446, ts=(guint64)17717754017;
0:00:17.735341576   505   0x7f90000b70 TRACE             GST_TRACER :0:: latency, src-element-id=(string)0x55bbd19080, src-element=(string)libcamerasrc0, src=(string)src, sink-element-id=(string)0x55bbd3bd60, sink-element=(string)sink, sink=(string)sink, time=(guint64)17771357, ts=(guint64)17735290928;
0:00:17.749177725   505   0x7f90000dc0 TRACE             GST_TRACER :0:: latency, src-element-id=(string)0x55bbd19080, src-element=(string)libcamerasrc0, src=(string)src, sink-element-id=(string)0x55bbd6bc80, sink-element=(string)udpsink0, sink=(string)sink, time=(guint64)226925617, ts=(guint64)17749100168;
0:00:17.767906148   505   0x7f90001010 TRACE             GST_TRACER :0:: latency, src-element-id=(string)0x55bbd19080, src-element=(string)libcamerasrc0, src=(string)src, sink-element-id=(string)0x55bbd35510, sink-element=(string)fakesink0, sink=(string)sink, time=(guint64)212132, ts=(guint64)17767862110;
0:00:17.785360446   505   0x7f90000b70 TRACE             GST_TRACER :0:: latency, src-element-id=(string)0x55bbd19080, src-element=(string)libcamerasrc0, src=(string)src, sink-element-id=(string)0x55bbd3bd60, sink-element=(string)sink, sink=(string)sink, time=(guint64)17652597, ts=(guint64)17785302575;
0:00:17.801377543   505   0x7f90000dc0 TRACE             GST_TRACER :0:: latency, src-element-id=(string)0x55bbd19080, src-element=(string)libcamerasrc0, src=(string)src, sink-element-id=(string)0x55bbd6bc80, sink-element=(string)udpsink0, sink=(string)sink, time=(guint64)227551013, ts=(guint64)17801319506;
0:00:17.818165038   505   0x7f90001010 TRACE             GST_TRACER :0:: latency, src-element-id=(string)0x55bbd19080, src-element=(string)libcamerasrc0, src=(string)src, sink-element-id=(string)0x55bbd35510, sink-element=(string)fakesink0, sink=(string)sink, time=(guint64)221761, ts=(guint64)17818126278;
0:00:17.835941154   505   0x7f90000b70 TRACE             GST_TRACER :0:: latency, src-element-id=(string)0x55bbd19080, src-element=(string)libcamerasrc0, src=(string)src, sink-element-id=(string)0x55bbd3bd60, sink-element=(string)sink, sink=(string)sink, time=(guint64)17984896, ts=(guint64)17835889413;
0:00:17.853187561   505   0x7f90000dc0 TRACE             GST_TRACER :0:: latency, src-element-id=(string)0x55bbd19080, src-element=(string)libcamerasrc0, src=(string)src, sink-element-id=(string)0x55bbd6bc80, sink-element=(string)udpsink0, sink=(string)sink, time=(guint64)232480751, ts=(guint64)17853125283;
0:00:17.877244412   505   0x7f90001010 TRACE             GST_TRACER :0:: latency, src-element-id=(string)0x55bbd19080, src-element=(string)libcamerasrc0, src=(string)src, sink-element-id=(string)0x55bbd35510, sink-element=(string)fakesink0, sink=(string)sink, time=(guint64)3218479, ts=(guint64)17877195171;
0:00:17.891562195   505   0x7f90000b70 TRACE             GST_TRACER :0:: latency, src-element-id=(string)0x55bbd19080, src-element=(string)libcamerasrc0, src=(string)src, sink-element-id=(string)0x55bbd3bd60, sink-element=(string)sink, sink=(string)sink, time=(guint64)17528910, ts=(guint64)17891505602;
0:00:17.904633242   505   0x7f90000dc0 TRACE             GST_TRACER :0:: latency, src-element-id=(string)0x55bbd19080, src-element=(string)libcamerasrc0, src=(string)src, sink-element-id=(string)0x55bbd6bc80, sink-element=(string)udpsink0, sink=(string)sink, time=(guint64)234171565, ts=(guint64)17904560056;
0:00:17.920980507   505   0x7f90001010 TRACE             GST_TRACER :0:: latency, src-element-id=(string)0x55bbd19080, src-element=(string)libcamerasrc0, src=(string)src, sink-element-id=(string)0x55bbd35510, sink-element=(string)fakesink0, sink=(string)sink, time=(guint64)202095, ts=(guint64)17920945396;
0:00:17.939162662   505   0x7f90000b70 TRACE             GST_TRACER :0:: latency, src-element-id=(string)0x55bbd19080, src-element=(string)libcamerasrc0, src=(string)src, sink-element-id=(string)0x55bbd3bd60, sink-element=(string)sink, sink=(string)sink, time=(guint64)18363509, ts=(guint64)17939106810;
0:00:17.952394469   505   0x7f90000dc0 TRACE             GST_TRACER :0:: latency, src-element-id=(string)0x55bbd19080, src-element=(string)libcamerasrc0, src=(string)src, sink-element-id=(string)0x55bbd6bc80, sink-element=(string)udpsink0, sink=(string)sink, time=(guint64)234826767, ts=(guint64)17952346338;
0:00:17.973681823   505   0x7f90001010 TRACE             GST_TRACER :0:: latency, src-element-id=(string)0x55bbd19080, src-element=(string)libcamerasrc0, src=(string)src, sink-element-id=(string)0x55bbd35510, sink-element=(string)fakesink0, sink=(string)sink, time=(guint64)1096197, ts=(guint64)17973639767;
0:00:17.992990786   505   0x7f90000b70 TRACE             GST_TRACER :0:: latency, src-element-id=(string)0x55bbd19080, src-element=(string)libcamerasrc0, src=(string)src, sink-element-id=(string)0x55bbd3bd60, sink-element=(string)sink, sink=(string)sink, time=(guint64)20393438, ts=(guint64)17992937008;
0:00:18.022379467   505   0x7f90000dc0 TRACE             GST_TRACER :0:: latency, src-element-id=(string)0x55bbd19080, src-element=(string)libcamerasrc0, src=(string)src, sink-element-id=(string)0x55bbd6bc80, sink-element=(string)udpsink0, sink=(string)sink, time=(guint64)254684711, ts=(guint64)18022334689;
0:00:18.047747476   505   0x7f90001010 TRACE             GST_TRACER :0:: latency, src-element-id=(string)0x55bbd19080, src-element=(string)libcamerasrc0, src=(string)src, sink-element-id=(string)0x55bbd35510, sink-element=(string)fakesink0, sink=(string)sink, time=(guint64)190910, ts=(guint64)18047711772;
0:00:18.074783484   505   0x7f90000b70 TRACE             GST_TRACER :0:: latency, src-element-id=(string)0x55bbd19080, src-element=(string)libcamerasrc0, src=(string)src, sink-element-id=(string)0x55bbd3bd60, sink-element=(string)sink, sink=(string)sink, time=(guint64)27209917, ts=(guint64)18074730779;
0:00:18.087634082   505   0x7f90000dc0 TRACE             GST_TRACER :0:: latency, src-element-id=(string)0x55bbd19080, src-element=(string)libcamerasrc0, src=(string)src, sink-element-id=(string)0x55bbd6bc80, sink-element=(string)udpsink0, sink=(string)sink, time=(guint64)269680009, ts=(guint64)18087584526;
0:00:18.107571145   505   0x7f90001010 TRACE             GST_TRACER :0:: latency, src-element-id=(string)0x55bbd19080, src-element=(string)libcamerasrc0, src=(string)src, sink-element-id=(string)0x55bbd35510, sink-element=(string)fakesink0, sink=(string)sink, time=(guint64)193965, ts=(guint64)18107536218;
0:00:18.134273519   505   0x7f90000b70 TRACE             GST_TRACER :0:: latency, src-element-id=(string)0x55bbd19080, src-element=(string)libcamerasrc0, src=(string)src, sink-element-id=(string)0x55bbd3bd60, sink-element=(string)sink, sink=(string)sink, time=(guint64)26870025, ts=(guint64)18134212278;
Frames recibidos: 330
0:00:18.149220585   505   0x7f90000dc0 TRACE             GST_TRACER :0:: latency, src-element-id=(string)0x55bbd19080, src-element=(string)libcamerasrc0, src=(string)src, sink-element-id=(string)0x55bbd6bc80, sink-element=(string)udpsink0, sink=(string)sink, time=(guint64)275203189, ts=(guint64)18149179881;
0:00:18.167886152   505   0x7f90001010 TRACE             GST_TRACER :0:: latency, src-element-id=(string)0x55bbd19080, src-element=(string)libcamerasrc0, src=(string)src, sink-element-id=(string)0x55bbd35510, sink-element=(string)fakesink0, sink=(string)sink, time=(guint64)187206, ts=(guint64)18167850726;
0:00:18.193854834   505   0x7f90000b70 TRACE             GST_TRACER :0:: latency, src-element-id=(string)0x55bbd19080, src-element=(string)libcamerasrc0, src=(string)src, sink-element-id=(string)0x55bbd3bd60, sink-element=(string)sink, sink=(string)sink, time=(guint64)26127980, ts=(guint64)18193791500;
0:00:18.212098490   505   0x7f90000dc0 TRACE             GST_TRACER :0:: latency, src-element-id=(string)0x55bbd19080, src-element=(string)libcamerasrc0, src=(string)src, sink-element-id=(string)0x55bbd6bc80, sink-element=(string)udpsink0, sink=(string)sink, time=(guint64)291307910, ts=(guint64)18212051211;
0:00:18.229986530   505   0x7f90001010 TRACE             GST_TRACER :0:: latency, src-element-id=(string)0x55bbd19080, src-element=(string)libcamerasrc0, src=(string)src, sink-element-id=(string)0x55bbd35510, sink-element=(string)fakesink0, sink=(string)sink, time=(guint64)190650, ts=(guint64)18229952919;
0:00:18.257955807   505   0x7f90000b70 TRACE             GST_TRACER :0:: latency, src-element-id=(string)0x55bbd19080, src-element=(string)libcamerasrc0, src=(string)src, sink-element-id=(string)0x55bbd3bd60, sink-element=(string)sink, sink=(string)sink, time=(guint64)28123426, ts=(guint64)18257885695;
0:00:18.268376084   505   0x7f90000dc0 TRACE             GST_TRACER :0:: latency, src-element-id=(string)0x55bbd19080, src-element=(string)libcamerasrc0, src=(string)src, sink-element-id=(string)0x55bbd6bc80, sink-element=(string)udpsink0, sink=(string)sink, time=(guint64)295769587, ts=(guint64)18268313157;
0:00:18.289249471   505   0x7f90001010 TRACE             GST_TRACER :0:: latency, src-element-id=(string)0x55bbd19080, src-element=(string)libcamerasrc0, src=(string)src, sink-element-id=(string)0x55bbd35510, sink-element=(string)fakesink0, sink=(string)sink, time=(guint64)2097781, ts=(guint64)18289193526;
0:00:18.305468457   505   0x7f90000b70 TRACE             GST_TRACER :0:: latency, src-element-id=(string)0x55bbd19080, src-element=(string)libcamerasrc0, src=(string)src, sink-element-id=(string)0x55bbd3bd60, sink-element=(string)sink, sink=(string)sink, time=(guint64)18316378, ts=(guint64)18305412123;
0:00:18.317910515   505   0x7f90000dc0 TRACE             GST_TRACER :0:: latency, src-element-id=(string)0x55bbd19080, src-element=(string)libcamerasrc0, src=(string)src, sink-element-id=(string)0x55bbd6bc80, sink-element=(string)udpsink0, sink=(string)sink, time=(guint64)270340226, ts=(guint64)18317861088;
0:00:18.346458872   505   0x7f90001010 TRACE             GST_TRACER :0:: latency, src-element-id=(string)0x55bbd19080, src-element=(string)libcamerasrc0, src=(string)src, sink-element-id=(string)0x55bbd35510, sink-element=(string)fakesink0, sink=(string)sink, time=(guint64)205650, ts=(guint64)18346416427;
0:00:18.367266314   505   0x7f90000dc0 TRACE             GST_TRACER :0:: latency, src-element-id=(string)0x55bbd19080, src-element=(string)libcamerasrc0, src=(string)src, sink-element-id=(string)0x55bbd6bc80, sink-element=(string)udpsink0, sink=(string)sink, time=(guint64)259863060, ts=(guint64)18367205313;
0:00:18.400566165   505   0x7f90000b70 TRACE             GST_TRACER :0:: latency, src-element-id=(string)0x55bbd19080, src-element=(string)libcamerasrc0, src=(string)src, sink-element-id=(string)0x55bbd3bd60, sink-element=(string)sink, sink=(string)sink, time=(guint64)54304351, ts=(guint64)18400515128;
0:00:18.401173413   505   0x7f90001010 TRACE             GST_TRACER :0:: latency, src-element-id=(string)0x55bbd19080, src-element=(string)libcamerasrc0, src=(string)src, sink-element-id=(string)0x55bbd35510, sink-element=(string)fakesink0, sink=(string)sink, time=(guint64)3974912, ts=(guint64)18401125764;
0:00:18.413288133   505   0x7f90000dc0 TRACE             GST_TRACER :0:: latency, src-element-id=(string)0x55bbd19080, src-element=(string)libcamerasrc0, src=(string)src, sink-element-id=(string)0x55bbd6bc80, sink-element=(string)udpsink0, sink=(string)sink, time=(guint64)245573279, ts=(guint64)18413236799;
0:00:18.435452127   505   0x7f90001010 TRACE             GST_TRACER :0:: latency, src-element-id=(string)0x55bbd19080, src-element=(string)libcamerasrc0, src=(string)src, sink-element-id=(string)0x55bbd35510, sink-element=(string)fakesink0, sink=(string)sink, time=(guint64)199317, ts=(guint64)18435416700;
0:00:18.437495185   505   0x7f90000b70 TRACE             GST_TRACER :0:: latency, src-element-id=(string)0x55bbd19080, src-element=(string)libcamerasrc0, src=(string)src, sink-element-id=(string)0x55bbd3bd60, sink-element=(string)sink, sink=(string)sink, time=(guint64)40288073, ts=(guint64)18437438925;
0:00:18.453376946   505   0x7f90000dc0 TRACE             GST_TRACER :0:: latency, src-element-id=(string)0x55bbd19080, src-element=(string)libcamerasrc0, src=(string)src, sink-element-id=(string)0x55bbd6bc80, sink-element=(string)udpsink0, sink=(string)sink, time=(guint64)223553157, ts=(guint64)18453315426;
0:00:18.465825040   505   0x7f90000b70 TRACE             GST_TRACER :0:: latency, src-element-id=(string)0x55bbd19080, src-element=(string)libcamerasrc0, src=(string)src, sink-element-id=(string)0x55bbd3bd60, sink-element=(string)sink, sink=(string)sink, time=(guint64)30546323, ts=(guint64)18465763706;
0:00:18.471053336   505   0x7f90001010 TRACE             GST_TRACER :0:: latency, src-element-id=(string)0x55bbd19080, src-element=(string)libcamerasrc0, src=(string)src, sink-element-id=(string)0x55bbd35510, sink-element=(string)fakesink0, sink=(string)sink, time=(guint64)214095, ts=(guint64)18471013002;
0:00:18.492049891   505   0x7f90000b70 TRACE             GST_TRACER :0:: latency, src-element-id=(string)0x55bbd19080, src-element=(string)libcamerasrc0, src=(string)src, sink-element-id=(string)0x55bbd3bd60, sink-element=(string)sink, sink=(string)sink, time=(guint64)21200150, ts=(guint64)18491999057;
0:00:18.504201223   505   0x7f90000dc0 TRACE             GST_TRACER :0:: latency, src-element-id=(string)0x55bbd19080, src-element=(string)libcamerasrc0, src=(string)src, sink-element-id=(string)0x55bbd6bc80, sink-element=(string)udpsink0, sink=(string)sink, time=(guint64)217048052, ts=(guint64)18504143797;
0:00:18.524400548   505   0x7f90001010 TRACE             GST_TRACER :0:: latency, src-element-id=(string)0x55bbd19080, src-element=(string)libcamerasrc0, src=(string)src, sink-element-id=(string)0x55bbd35510, sink-element=(string)fakesink0, sink=(string)sink, time=(guint64)186928, ts=(guint64)18524367825;
0:00:18.541521840   505   0x7f90000b70 TRACE             GST_TRACER :0:: latency, src-element-id=(string)0x55bbd19080, src-element=(string)libcamerasrc0, src=(string)src, sink-element-id=(string)0x55bbd3bd60, sink-element=(string)sink, sink=(string)sink, time=(guint64)17287886, ts=(guint64)18541468783;
0:00:18.559215545   505   0x7f90000dc0 TRACE             GST_TRACER :0:: latency, src-element-id=(string)0x55bbd19080, src-element=(string)libcamerasrc0, src=(string)src, sink-element-id=(string)0x55bbd6bc80, sink-element=(string)udpsink0, sink=(string)sink, time=(guint64)212945823, ts=(guint64)18559156600;
0:00:18.578096744   505   0x7f90001010 TRACE             GST_TRACER :0:: latency, src-element-id=(string)0x55bbd19080, src-element=(string)libcamerasrc0, src=(string)src, sink-element-id=(string)0x55bbd35510, sink-element=(string)fakesink0, sink=(string)sink, time=(guint64)183520, ts=(guint64)18578063614;
0:00:18.602994174   505   0x7f90000b70 TRACE             GST_TRACER :0:: latency, src-element-id=(string)0x55bbd19080, src-element=(string)libcamerasrc0, src=(string)src, sink-element-id=(string)0x55bbd3bd60, sink-element=(string)sink, sink=(string)sink, time=(guint64)25057672, ts=(guint64)18602937766;
0:00:18.618290817   505   0x7f90000dc0 TRACE             GST_TRACER :0:: latency, src-element-id=(string)0x55bbd19080, src-element=(string)libcamerasrc0, src=(string)src, sink-element-id=(string)0x55bbd6bc80, sink-element=(string)udpsink0, sink=(string)sink, time=(guint64)221068761, ts=(guint64)18618219613;
0:00:18.637686874   505   0x7f90001010 TRACE             GST_TRACER :0:: latency, src-element-id=(string)0x55bbd19080, src-element=(string)libcamerasrc0, src=(string)src, sink-element-id=(string)0x55bbd35510, sink-element=(string)fakesink0, sink=(string)sink, time=(guint64)193224, ts=(guint64)18637651410;
0:00:18.664463101   505   0x7f90000b70 TRACE             GST_TRACER :0:: latency, src-element-id=(string)0x55bbd19080, src-element=(string)libcamerasrc0, src=(string)src, sink-element-id=(string)0x55bbd3bd60, sink-element=(string)sink, sink=(string)sink, time=(guint64)26952452, ts=(guint64)18664410638;
0:00:18.676888232   505   0x7f90000dc0 TRACE             GST_TRACER :0:: latency, src-element-id=(string)0x55bbd19080, src-element=(string)libcamerasrc0, src=(string)src, sink-element-id=(string)0x55bbd6bc80, sink-element=(string)udpsink0, sink=(string)sink, time=(guint64)241618349, ts=(guint64)18676835732;
0:00:18.701216378   505   0x7f90001010 TRACE             GST_TRACER :0:: latency, src-element-id=(string)0x55bbd19080, src-element=(string)libcamerasrc0, src=(string)src, sink-element-id=(string)0x55bbd35510, sink-element=(string)fakesink0, sink=(string)sink, time=(guint64)2466563, ts=(guint64)18701165211;
0:00:18.726405737   505   0x7f90000b70 TRACE             GST_TRACER :0:: latency, src-element-id=(string)0x55bbd19080, src-element=(string)libcamerasrc0, src=(string)src, sink-element-id=(string)0x55bbd3bd60, sink-element=(string)sink, sink=(string)sink, time=(guint64)27647088, ts=(guint64)18726345736;
0:00:18.735817762   505   0x7f90000dc0 TRACE             GST_TRACER :0:: latency, src-element-id=(string)0x55bbd19080, src-element=(string)libcamerasrc0, src=(string)src, sink-element-id=(string)0x55bbd6bc80, sink-element=(string)udpsink0, sink=(string)sink, time=(guint64)264970781, ts=(guint64)18735769688;
0:00:18.754363588   505   0x7f90001010 TRACE             GST_TRACER :0:: latency, src-element-id=(string)0x55bbd19080, src-element=(string)libcamerasrc0, src=(string)src, sink-element-id=(string)0x55bbd35510, sink-element=(string)fakesink0, sink=(string)sink, time=(guint64)621988, ts=(guint64)18754327198;
0:00:18.781303613   505   0x7f90000b70 TRACE             GST_TRACER :0:: latency, src-element-id=(string)0x55bbd19080, src-element=(string)libcamerasrc0, src=(string)src, sink-element-id=(string)0x55bbd3bd60, sink-element=(string)sink, sink=(string)sink, time=(guint64)27528569, ts=(guint64)18781233779;
0:00:18.804721768   505   0x7f90000dc0 TRACE             GST_TRACER :0:: latency, src-element-id=(string)0x55bbd19080, src-element=(string)libcamerasrc0, src=(string)src, sink-element-id=(string)0x55bbd6bc80, sink-element=(string)udpsink0, sink=(string)sink, time=(guint64)280490352, ts=(guint64)18804671249;
0:00:18.829463622   505   0x7f90001010 TRACE             GST_TRACER :0:: latency, src-element-id=(string)0x55bbd19080, src-element=(string)libcamerasrc0, src=(string)src, sink-element-id=(string)0x55bbd35510, sink-element=(string)fakesink0, sink=(string)sink, time=(guint64)233169, ts=(guint64)18829423269;
0:00:18.857532011   505   0x7f90000dc0 TRACE             GST_TRACER :0:: latency, src-element-id=(string)0x55bbd19080, src-element=(string)libcamerasrc0, src=(string)src, sink-element-id=(string)0x55bbd6bc80, sink-element=(string)udpsink0, sink=(string)sink, time=(guint64)279602620, ts=(guint64)18857482714;
0:00:18.860603117   505   0x7f90000b70 TRACE             GST_TRACER :0:: latency, src-element-id=(string)0x55bbd19080, src-element=(string)libcamerasrc0, src=(string)src, sink-element-id=(string)0x55bbd3bd60, sink-element=(string)sink, sink=(string)sink, time=(guint64)31344943, ts=(guint64)18860535043;
0:00:18.885441343   505   0x7f90001010 TRACE             GST_TRACER :0:: latency, src-element-id=(string)0x55bbd19080, src-element=(string)libcamerasrc0, src=(string)src, sink-element-id=(string)0x55bbd35510, sink-element=(string)fakesink0, sink=(string)sink, time=(guint64)230410, ts=(guint64)18885396046;
0:00:18.913392599   505   0x7f90000dc0 TRACE             GST_TRACER :0:: latency, src-element-id=(string)0x55bbd19080, src-element=(string)libcamerasrc0, src=(string)src, sink-element-id=(string)0x55bbd6bc80, sink-element=(string)udpsink0, sink=(string)sink, time=(guint64)275867616, ts=(guint64)18913325802;
0:00:18.916465575   505   0x7f90000b70 TRACE             GST_TRACER :0:: latency, src-element-id=(string)0x55bbd19080, src-element=(string)libcamerasrc0, src=(string)src, sink-element-id=(string)0x55bbd3bd60, sink-element=(string)sink, sink=(string)sink, time=(guint64)31191160, ts=(guint64)18916356796;
0:00:18.925914285   505   0x7f90001010 TRACE             GST_TRACER :0:: latency, src-element-id=(string)0x55bbd19080, src-element=(string)libcamerasrc0, src=(string)src, sink-element-id=(string)0x55bbd35510, sink-element=(string)fakesink0, sink=(string)sink, time=(guint64)211243, ts=(guint64)18925875396;
0:00:18.943837120   505   0x7f90000b70 TRACE             GST_TRACER :0:: latency, src-element-id=(string)0x55bbd19080, src-element=(string)libcamerasrc0, src=(string)src, sink-element-id=(string)0x55bbd3bd60, sink-element=(string)sink, sink=(string)sink, time=(guint64)18105910, ts=(guint64)18943770063;
0:00:18.969566702   505   0x7f90000dc0 TRACE             GST_TRACER :0:: latency, src-element-id=(string)0x55bbd19080, src-element=(string)libcamerasrc0, src=(string)src, sink-element-id=(string)0x55bbd6bc80, sink-element=(string)udpsink0, sink=(string)sink, time=(guint64)270819498, ts=(guint64)18969518146;
0:00:18.997226398   505   0x7f90001010 TRACE             GST_TRACER :0:: latency, src-element-id=(string)0x55bbd19080, src-element=(string)libcamerasrc0, src=(string)src, sink-element-id=(string)0x55bbd35510, sink-element=(string)fakesink0, sink=(string)sink, time=(guint64)3216349, ts=(guint64)18997178379;
0:00:19.015058954   505   0x7f90000b70 TRACE             GST_TRACER :0:: latency, src-element-id=(string)0x55bbd19080, src-element=(string)libcamerasrc0, src=(string)src, sink-element-id=(string)0x55bbd3bd60, sink-element=(string)sink, sink=(string)sink, time=(guint64)21042627, ts=(guint64)19015004657;
0:00:19.021800302   505   0x7f90000dc0 TRACE             GST_TRACER :0:: latency, src-element-id=(string)0x55bbd19080, src-element=(string)libcamerasrc0, src=(string)src, sink-element-id=(string)0x55bbd6bc80, sink-element=(string)udpsink0, sink=(string)sink, time=(guint64)268050461, ts=(guint64)19021755671;
0:00:19.049709277   505   0x7f90001010 TRACE             GST_TRACER :0:: latency, src-element-id=(string)0x55bbd19080, src-element=(string)libcamerasrc0, src=(string)src, sink-element-id=(string)0x55bbd35510, sink-element=(string)fakesink0, sink=(string)sink, time=(guint64)221577, ts=(guint64)19049665740;
0:00:19.076772152   505   0x7f90000dc0 TRACE             GST_TRACER :0:: latency, src-element-id=(string)0x55bbd19080, src-element=(string)libcamerasrc0, src=(string)src, sink-element-id=(string)0x55bbd6bc80, sink-element=(string)udpsink0, sink=(string)sink, time=(guint64)247519681, ts=(guint64)19076709781;
0:00:19.076942524   505   0x7f90000b70 TRACE             GST_TRACER :0:: latency, src-element-id=(string)0x55bbd19080, src-element=(string)libcamerasrc0, src=(string)src, sink-element-id=(string)0x55bbd3bd60, sink-element=(string)sink, sink=(string)sink, time=(guint64)27457620, ts=(guint64)19076901783;
0:00:19.109584512   505   0x7f90001010 TRACE             GST_TRACER :0:: latency, src-element-id=(string)0x55bbd19080, src-element=(string)libcamerasrc0, src=(string)src, sink-element-id=(string)0x55bbd35510, sink-element=(string)fakesink0, sink=(string)sink, time=(guint64)303485, ts=(guint64)19109528511;

SIGTERM recibido. Iniciando cierre coordinado.
Enviando EOS al pipeline...
0:00:19.128817342   505   0x7f90000dc0 TRACE             GST_TRACER :0:: latency, src-element-id=(string)0x55bbd19080, src-element=(string)libcamerasrc0, src=(string)src, sink-element-id=(string)0x55bbd6bc80, sink-element=(string)udpsink0, sink=(string)sink, time=(guint64)243582853, ts=(guint64)19128748489;
0:00:19.129918983   505   0x7f90000b70 TRACE             GST_TRACER :0:: latency, src-element-id=(string)0x55bbd19080, src-element=(string)libcamerasrc0, src=(string)src, sink-element-id=(string)0x55bbd3bd60, sink-element=(string)sink, sink=(string)sink, time=(guint64)20612974, ts=(guint64)19129838000;
0:00:19.181254850   505   0x7f90000dc0 TRACE             GST_TRACER :0:: latency, src-element-id=(string)0x55bbd19080, src-element=(string)libcamerasrc0, src=(string)src, sink-element-id=(string)0x55bbd6bc80, sink-element=(string)udpsink0, sink=(string)sink, time=(guint64)255528234, ts=(guint64)19181192387;
0:00:19.221287137   505   0x7f90000dc0 TRACE             GST_TRACER :0:: latency, src-element-id=(string)0x55bbd19080, src-element=(string)libcamerasrc0, src=(string)src, sink-element-id=(string)0x55bbd6bc80, sink-element=(string)udpsink0, sink=(string)sink, time=(guint64)227265662, ts=(guint64)19221227692;
0:00:19.271614198   505   0x7f90000dc0 TRACE             GST_TRACER :0:: latency, src-element-id=(string)0x55bbd19080, src-element=(string)libcamerasrc0, src=(string)src, sink-element-id=(string)0x55bbd6bc80, sink-element=(string)udpsink0, sink=(string)sink, time=(guint64)222121202, ts=(guint64)19271565365;
0:00:19.329905657   505   0x7f90000dc0 TRACE             GST_TRACER :0:: latency, src-element-id=(string)0x55bbd19080, src-element=(string)libcamerasrc0, src=(string)src, sink-element-id=(string)0x55bbd6bc80, sink-element=(string)udpsink0, sink=(string)sink, time=(guint64)220621593, ts=(guint64)19329846619;
EOS recibido correctamente. Cierre coordinado.
Salida de apertura: DESACTIVADA

Total de frames recibidos: 348
Callbacks medidos: 348
Tiempo promedio del callback: 3.733 ms
Tiempo maximo del callback: 26.557 ms
